Tue Mar 17 14:43:50 UTC 2026 - INFO - Processing payment...
mysql: [Warning] Using a password on the command line interface can be insecure.
ERROR 1698 (28000): Access denied for user 'root'@'localhost'
Tue Mar 17 14:43:55 UTC 2026 - INFO - Processing payment...
mysql: [Warning] Using a password on the command line interface can be insecure.
ERROR 1698 (28000): Access denied for user 'root'@'localhost'
Tue Mar 17 14:44:00 UTC 2026 - INFO - Processing payment...
mysql: [Warning] Using a password on the command line interface can be insecure.
ERROR 1698 (28000): Access denied for user 'root'@'localhost'
Tue Mar 17 14:44:05 UTC 2026 - INFO - Processing payment...
mysql: [Warning] Using a password on the command line interface can be insecure.
ERROR 1698 (28000): Access denied for user 'root'@'localhost'
Tue Mar 17 14:44:10 UTC 2026 - INFO - Processing payment...
mysql: [Warning] Using a password on the command line interface can be insecure.
ERROR 1698 (28000): Access denied for user 'root'@'localhost'
Tue Mar 17 14:44:15 UTC 2026 - INFO - Processing payment...
mysql: [Warning] Using a password on the command line interface can be insecure.
ERROR 1698 (28000): Access denied for user 'root'@'localhost'
Tue Mar 17 14:44:20 UTC 2026 - INFO - Processing payment...
mysql: [Warning] Using a password on the command line interface can be insecure.
ERROR 1698 (28000): Access denied for user 'root'@'localhost'
Tue Mar 17 14:44:25 UTC 2026 - INFO - Processing payment...
mysql: [Warning] Using a password on the command line interface can be insecure.
ERROR 1698 (28000): Access denied for user 'root'@'localhost'
Tue Mar 17 14:44:27 UTC 2026 - INFO - Processing payment...
mysql: [Warning] Using a password on the command line interface can be insecure.
ERROR 1698 (28000): Access denied for user 'root'@'localhost'
Tue Mar 17 14:44:31 UTC 2026 - INFO - Processing payment...
mysql: [Warning] Using a password on the command line interface can be insecure.
ERROR 1698 (28000): Access denied for user 'root'@'localhost'
Tue Mar 17 14:44:32 UTC 2026 - INFO - Processing payment...
mysql: [Warning] Using a password on the command line interface can be insecure.
ERROR 1698 (28000): Access denied for user 'root'@'localhost'
Tue Mar 17 14:44:36 UTC 2026 - INFO - Processing payment...
mysql: [Warning] Using a password on the command line interface can be insecure.
ERROR 1698 (28000): Access denied for user 'root'@'localhost'
Tue Mar 17 14:44:37 UTC 2026 - INFO - Processing payment...
mysql: [Warning] Using a password on the command line interface can be insecure.
ERROR 1698 (28000): Access denied for user 'root'@'localhost'
Tue Mar 17 14:44:41 UTC 2026 - INFO - Processing payment...
mysql: [Warning] Using a password on the command line interface can be insecure.
ERROR 1698 (28000): Access denied for user 'root'@'localhost'
Tue Mar 17 14:44:42 UTC 2026 - INFO - Processing payment...
mysql: [Warning] Using a password on the command line interface can be insecure.
ERROR 1698 (28000): Access denied for user 'root'@'localhost'
Tue Mar 17 14:44:46 UTC 2026 - INFO - Processing payment...
mysql: [Warning] Using a password on the command line interface can be insecure.
ERROR 1698 (28000): Access denied for user 'root'@'localhost'
Tue Mar 17 14:44:47 UTC 2026 - INFO - Processing payment...
mysql: [Warning] Using a password on the command line interface can be insecure.
ERROR 1698 (28000): Access denied for user 'root'@'localhost'
Tue Mar 17 14:44:51 UTC 2026 - INFO - Processing payment...
mysql: [Warning] Using a password on the command line interface can be insecure.
ERROR 1698 (28000): Access denied for user 'root'@'localhost'
Tue Mar 17 14:44:52 UTC 2026 - INFO - Processing payment...
mysql: [Warning] Using a password on the command line interface can be insecure.
ERROR 1698 (28000): Access denied for user 'root'@'localhost'
Tue Mar 17 14:44:56 UTC 2026 - INFO - Processing payment...
mysql: [Warning] Using a password on the command line interface can be insecure.
ERROR 1698 (28000): Access denied for user 'root'@'localhost'
Tue Mar 17 14:44:58 UTC 2026 - INFO - Processing payment...
mysql: [Warning] Using a password on the command line interface can be insecure.
ERROR 1698 (28000): Access denied for user 'root'@'localhost'
Tue Mar 17 14:45:01 UTC 2026 - INFO - Processing payment...
mysql: [Warning] Using a password on the command line interface can be insecure.
ERROR 1698 (28000): Access denied for user 'root'@'localhost'
Tue Mar 17 14:45:03 UTC 2026 - INFO - Processing payment...
mysql: [Warning] Using a password on the command line interface can be insecure.
ERROR 1698 (28000): Access denied for user 'root'@'localhost'
Tue Mar 17 14:45:06 UTC 2026 - INFO - Processing payment...
mysql: [Warning] Using a password on the command line interface can be insecure.
ERROR 1698 (28000): Access denied for user 'root'@'localhost'
Tue Mar 17 14:45:08 UTC 2026 - INFO - Processing payment...
mysql: [Warning] Using a password on the command line interface can be insecure.
ERROR 1698 (28000): Access denied for user 'root'@'localhost'
Tue Mar 17 14:45:11 UTC 2026 - INFO - Processing payment...
mysql: [Warning] Using a password on the command line interface can be insecure.
ERROR 1698 (28000): Access denied for user 'root'@'localhost'
Tue Mar 17 14:45:13 UTC 2026 - INFO - Processing payment...
mysql: [Warning] Using a password on the command line interface can be insecure.
ERROR 1698 (28000): Access denied for user 'root'@'localhost'
Tue Mar 17 14:45:16 UTC 2026 - INFO - Processing payment...
mysql: [Warning] Using a password on the command line interface can be insecure.
ERROR 1698 (28000): Access denied for user 'root'@'localhost'
Tue Mar 17 14:45:18 UTC 2026 - INFO - Processing payment...
mysql: [Warning] Using a password on the command line interface can be insecure.
ERROR 1698 (28000): Access denied for user 'root'@'localhost'
Tue Mar 17 14:45:21 UTC 2026 - INFO - Processing payment...
mysql: [Warning] Using a password on the command line interface can be insecure.
ERROR 1698 (28000): Access denied for user 'root'@'localhost'
Tue Mar 17 14:45:23 UTC 2026 - INFO - Processing payment...
mysql: [Warning] Using a password on the command line interface can be insecure.
ERROR 1698 (28000): Access denied for user 'root'@'localhost'
Tue Mar 17 14:45:26 UTC 2026 - INFO - Processing payment...
mysql: [Warning] Using a password on the command line interface can be insecure.
ERROR 1698 (28000): Access denied for user 'root'@'localhost'
Tue Mar 17 14:45:28 UTC 2026 - INFO - Processing payment...
mysql: [Warning] Using a password on the command line interface can be insecure.
ERROR 1698 (28000): Access denied for user 'root'@'localhost'
Tue Mar 17 14:45:31 UTC 2026 - INFO - Processing payment...
mysql: [Warning] Using a password on the command line interface can be insecure.
ERROR 1698 (28000): Access denied for user 'root'@'localhost'
Tue Mar 17 14:45:33 UTC 2026 - INFO - Processing payment...
mysql: [Warning] Using a password on the command line interface can be insecure.
ERROR 1698 (28000): Access denied for user 'root'@'localhost'
Tue Mar 17 14:45:36 UTC 2026 - INFO - Processing payment...
mysql: [Warning] Using a password on the command line interface can be insecure.
ERROR 1698 (28000): Access denied for user 'root'@'localhost'
Tue Mar 17 14:45:38 UTC 2026 - INFO - Processing payment...
mysql: [Warning] Using a password on the command line interface can be insecure.
ERROR 1698 (28000): Access denied for user 'root'@'localhost'
Tue Mar 17 14:45:41 UTC 2026 - INFO - Processing payment...
mysql: [Warning] Using a password on the command line interface can be insecure.
ERROR 1698 (28000): Access denied for user 'root'@'localhost'
Tue Mar 17 14:45:43 UTC 2026 - INFO - Processing payment...
mysql: [Warning] Using a password on the command line interface can be insecure.
ERROR 1698 (28000): Access denied for user 'root'@'localhost'
Tue Mar 17 14:45:46 UTC 2026 - INFO - Processing payment...
mysql: [Warning] Using a password on the command line interface can be insecure.
ERROR 1698 (28000): Access denied for user 'root'@'localhost'
Tue Mar 17 14:45:48 UTC 2026 - INFO - Processing payment...
mysql: [Warning] Using a password on the command line interface can be insecure.
ERROR 1698 (28000): Access denied for user 'root'@'localhost'
Tue Mar 17 14:45:51 UTC 2026 - INFO - Processing payment...
mysql: [Warning] Using a password on the command line interface can be insecure.
ERROR 1698 (28000): Access denied for user 'root'@'localhost'
Tue Mar 17 14:45:53 UTC 2026 - INFO - Processing payment...
mysql: [Warning] Using a password on the command line interface can be insecure.
ERROR 1698 (28000): Access denied for user 'root'@'localhost'
Tue Mar 17 14:45:56 UTC 2026 - INFO - Processing payment...
mysql: [Warning] Using a password on the command line interface can be insecure.
ERROR 1698 (28000): Access denied for user 'root'@'localhost'
Tue Mar 17 14:45:58 UTC 2026 - INFO - Processing payment...
mysql: [Warning] Using a password on the command line interface can be insecure.
ERROR 1698 (28000): Access denied for user 'root'@'localhost'
Tue Mar 17 14:46:01 UTC 2026 - INFO - Processing payment...
mysql: [Warning] Using a password on the command line interface can be insecure.
ERROR 1698 (28000): Access denied for user 'root'@'localhost'
Tue Mar 17 14:46:03 UTC 2026 - INFO - Processing payment...
mysql: [Warning] Using a password on the command line interface can be insecure.
ERROR 1698 (28000): Access denied for user 'root'@'localhost'
Tue Mar 17 14:46:06 UTC 2026 - INFO - Processing payment...
mysql: [Warning] Using a password on the command line interface can be insecure.
ERROR 1698 (28000): Access denied for user 'root'@'localhost'
Tue Mar 17 14:46:08 UTC 2026 - INFO - Processing payment...
mysql: [Warning] Using a password on the command line interface can be insecure.
ERROR 1698 (28000): Access denied for user 'root'@'localhost'
Tue Mar 17 14:46:11 UTC 2026 - INFO - Processing payment...
mysql: [Warning] Using a password on the command line interface can be insecure.
ERROR 1698 (28000): Access denied for user 'root'@'localhost'
Tue Mar 17 14:46:13 UTC 2026 - INFO - Processing payment...
mysql: [Warning] Using a password on the command line interface can be insecure.
ERROR 1698 (28000): Access denied for user 'root'@'localhost'
Tue Mar 17 14:46:16 UTC 2026 - INFO - Processing payment...
mysql: [Warning] Using a password on the command line interface can be insecure.
ERROR 1698 (28000): Access denied for user 'root'@'localhost'
Tue Mar 17 14:46:18 UTC 2026 - INFO - Processing payment...
mysql: [Warning] Using a password on the command line interface can be insecure.
ERROR 1698 (28000): Access denied for user 'root'@'localhost'
Tue Mar 17 14:46:21 UTC 2026 - INFO - Processing payment...
mysql: [Warning] Using a password on the command line interface can be insecure.
ERROR 1698 (28000): Access denied for user 'root'@'localhost'
Tue Mar 17 14:46:23 UTC 2026 - INFO - Processing payment...
mysql: [Warning] Using a password on the command line interface can be insecure.
ERROR 1698 (28000): Access denied for user 'root'@'localhost'
Tue Mar 17 14:46:26 UTC 2026 - INFO - Processing payment...
mysql: [Warning] Using a password on the command line interface can be insecure.
ERROR 1698 (28000): Access denied for user 'root'@'localhost'
Tue Mar 17 14:46:28 UTC 2026 - INFO - Processing payment...
mysql: [Warning] Using a password on the command line interface can be insecure.
ERROR 1698 (28000): Access denied for user 'root'@'localhost'
Tue Mar 17 14:46:31 UTC 2026 - INFO - Processing payment...
mysql: [Warning] Using a password on the command line interface can be insecure.
ERROR 1698 (28000): Access denied for user 'root'@'localhost'
Tue Mar 17 14:46:33 UTC 2026 - INFO - Processing payment...
mysql: [Warning] Using a password on the command line interface can be insecure.
ERROR 1698 (28000): Access denied for user 'root'@'localhost'
Tue Mar 17 14:46:36 UTC 2026 - INFO - Processing payment...
mysql: [Warning] Using a password on the command line interface can be insecure.
ERROR 1698 (28000): Access denied for user 'root'@'localhost'
Tue Mar 17 14:46:38 UTC 2026 - INFO - Processing payment...
mysql: [Warning] Using a password on the command line interface can be insecure.
ERROR 1698 (28000): Access denied for user 'root'@'localhost'
Tue Mar 17 14:46:41 UTC 2026 - INFO - Processing payment...
mysql: [Warning] Using a password on the command line interface can be insecure.
ERROR 1698 (28000): Access denied for user 'root'@'localhost'
Tue Mar 17 14:46:43 UTC 2026 - INFO - Processing payment...
mysql: [Warning] Using a password on the command line interface can be insecure.
ERROR 1698 (28000): Access denied for user 'root'@'localhost'
Tue Mar 17 14:46:46 UTC 2026 - INFO - Processing payment...
mysql: [Warning] Using a password on the command line interface can be insecure.
ERROR 1698 (28000): Access denied for user 'root'@'localhost'
Tue Mar 17 14:46:48 UTC 2026 - INFO - Processing payment...
mysql: [Warning] Using a password on the command line interface can be insecure.
ERROR 1698 (28000): Access denied for user 'root'@'localhost'
Tue Mar 17 14:46:51 UTC 2026 - INFO - Processing payment...
mysql: [Warning] Using a password on the command line interface can be insecure.
ERROR 1698 (28000): Access denied for user 'root'@'localhost'
Tue Mar 17 14:46:53 UTC 2026 - INFO - Processing payment...
mysql: [Warning] Using a password on the command line interface can be insecure.
ERROR 1698 (28000): Access denied for user 'root'@'localhost'
Tue Mar 17 14:46:57 UTC 2026 - INFO - Processing payment...
mysql: [Warning] Using a password on the command line interface can be insecure.
ERROR 1698 (28000): Access denied for user 'root'@'localhost'
Tue Mar 17 14:46:58 UTC 2026 - INFO - Processing payment...
mysql: [Warning] Using a password on the command line interface can be insecure.
ERROR 1698 (28000): Access denied for user 'root'@'localhost'
Tue Mar 17 14:47:02 UTC 2026 - INFO - Processing payment...
mysql: [Warning] Using a password on the command line interface can be insecure.
ERROR 1698 (28000): Access denied for user 'root'@'localhost'
Tue Mar 17 14:47:03 UTC 2026 - INFO - Processing payment...
mysql: [Warning] Using a password on the command line interface can be insecure.
ERROR 1698 (28000): Access denied for user 'root'@'localhost'
Tue Mar 17 14:47:07 UTC 2026 - INFO - Processing payment...
mysql: [Warning] Using a password on the command line interface can be insecure.
ERROR 1698 (28000): Access denied for user 'root'@'localhost'
Tue Mar 17 14:47:08 UTC 2026 - INFO - Processing payment...
mysql: [Warning] Using a password on the command line interface can be insecure.
ERROR 1698 (28000): Access denied for user 'root'@'localhost'
Tue Mar 17 14:47:12 UTC 2026 - INFO - Processing payment...
mysql: [Warning] Using a password on the command line interface can be insecure.
ERROR 1698 (28000): Access denied for user 'root'@'localhost'
Tue Mar 17 14:47:13 UTC 2026 - INFO - Processing payment...
mysql: [Warning] Using a password on the command line interface can be insecure.
ERROR 1698 (28000): Access denied for user 'root'@'localhost'
Tue Mar 17 14:47:17 UTC 2026 - INFO - Processing payment...
mysql: [Warning] Using a password on the command line interface can be insecure.
ERROR 1698 (28000): Access denied for user 'root'@'localhost'
Tue Mar 17 14:47:18 UTC 2026 - INFO - Processing payment...
mysql: [Warning] Using a password on the command line interface can be insecure.
ERROR 1698 (28000): Access denied for user 'root'@'localhost'
Tue Mar 17 14:47:22 UTC 2026 - INFO - Processing payment...
mysql: [Warning] Using a password on the command line interface can be insecure.
ERROR 1698 (28000): Access denied for user 'root'@'localhost'
Tue Mar 17 14:47:23 UTC 2026 - INFO - Processing payment...
mysql: [Warning] Using a password on the command line interface can be insecure.
ERROR 1698 (28000): Access denied for user 'root'@'localhost'
Tue Mar 17 14:47:27 UTC 2026 - INFO - Processing payment...
mysql: [Warning] Using a password on the command line interface can be insecure.
ERROR 1698 (28000): Access denied for user 'root'@'localhost'
Tue Mar 17 14:47:28 UTC 2026 - INFO - Processing payment...
mysql: [Warning] Using a password on the command line interface can be insecure.
ERROR 1698 (28000): Access denied for user 'root'@'localhost'
Tue Mar 17 14:47:32 UTC 2026 - INFO - Processing payment...
mysql: [Warning] Using a password on the command line interface can be insecure.
ERROR 1698 (28000): Access denied for user 'root'@'localhost'
Tue Mar 17 14:47:33 UTC 2026 - INFO - Processing payment...
mysql: [Warning] Using a password on the command line interface can be insecure.
ERROR 1698 (28000): Access denied for user 'root'@'localhost'
Tue Mar 17 14:47:37 UTC 2026 - INFO - Processing payment...
mysql: [Warning] Using a password on the command line interface can be insecure.
ERROR 1698 (28000): Access denied for user 'root'@'localhost'
Tue Mar 17 14:47:38 UTC 2026 - INFO - Processing payment...
mysql: [Warning] Using a password on the command line interface can be insecure.
ERROR 1698 (28000): Access denied for user 'root'@'localhost'
Tue Mar 17 14:47:42 UTC 2026 - INFO - Processing payment...
mysql: [Warning] Using a password on the command line interface can be insecure.
ERROR 1698 (28000): Access denied for user 'root'@'localhost'
Tue Mar 17 14:47:44 UTC 2026 - INFO - Processing payment...
mysql: [Warning] Using a password on the command line interface can be insecure.
ERROR 1698 (28000): Access denied for user 'root'@'localhost'
Tue Mar 17 14:47:47 UTC 2026 - INFO - Processing payment...
mysql: [Warning] Using a password on the command line interface can be insecure.
ERROR 1698 (28000): Access denied for user 'root'@'localhost'
Tue Mar 17 14:47:49 UTC 2026 - INFO - Processing payment...
mysql: [Warning] Using a password on the command line interface can be insecure.
ERROR 1698 (28000): Access denied for user 'root'@'localhost'
Tue Mar 17 14:47:52 UTC 2026 - INFO - Processing payment...
mysql: [Warning] Using a password on the command line interface can be insecure.
ERROR 1698 (28000): Access denied for user 'root'@'localhost'
Tue Mar 17 14:47:54 UTC 2026 - INFO - Processing payment...
mysql: [Warning] Using a password on the command line interface can be insecure.
ERROR 1698 (28000): Access denied for user 'root'@'localhost'
Tue Mar 17 14:47:57 UTC 2026 - INFO - Processing payment...
mysql: [Warning] Using a password on the command line interface can be insecure.
ERROR 1698 (28000): Access denied for user 'root'@'localhost'
Tue Mar 17 14:47:59 UTC 2026 - INFO - Processing payment...
mysql: [Warning] Using a password on the command line interface can be insecure.
ERROR 1698 (28000): Access denied for user 'root'@'localhost'
Tue Mar 17 14:48:02 UTC 2026 - INFO - Processing payment...
mysql: [Warning] Using a password on the command line interface can be insecure.
ERROR 1698 (28000): Access denied for user 'root'@'localhost'
Tue Mar 17 14:48:04 UTC 2026 - INFO - Processing payment...
mysql: [Warning] Using a password on the command line interface can be insecure.
ERROR 1698 (28000): Access denied for user 'root'@'localhost'
Tue Mar 17 14:48:07 UTC 2026 - INFO - Processing payment...
mysql: [Warning] Using a password on the command line interface can be insecure.
ERROR 1698 (28000): Access denied for user 'root'@'localhost'
Tue Mar 17 14:48:09 UTC 2026 - INFO - Processing payment...
mysql: [Warning] Using a password on the command line interface can be insecure.
ERROR 1698 (28000): Access denied for user 'root'@'localhost'
Tue Mar 17 14:48:12 UTC 2026 - INFO - Processing payment...
mysql: [Warning] Using a password on the command line interface can be insecure.
ERROR 1698 (28000): Access denied for user 'root'@'localhost'
Tue Mar 17 14:48:14 UTC 2026 - INFO - Processing payment...
mysql: [Warning] Using a password on the command line interface can be insecure.
ERROR 1698 (28000): Access denied for user 'root'@'localhost'
Tue Mar 17 14:48:17 UTC 2026 - INFO - Processing payment...
mysql: [Warning] Using a password on the command line interface can be insecure.
ERROR 1698 (28000): Access denied for user 'root'@'localhost'
Tue Mar 17 14:48:19 UTC 2026 - INFO - Processing payment...
mysql: [Warning] Using a password on the command line interface can be insecure.
ERROR 1698 (28000): Access denied for user 'root'@'localhost'
Tue Mar 17 14:48:22 UTC 2026 - INFO - Processing payment...
mysql: [Warning] Using a password on the command line interface can be insecure.
ERROR 1698 (28000): Access denied for user 'root'@'localhost'
Tue Mar 17 14:48:24 UTC 2026 - INFO - Processing payment...
mysql: [Warning] Using a password on the command line interface can be insecure.
ERROR 1698 (28000): Access denied for user 'root'@'localhost'
Tue Mar 17 14:48:27 UTC 2026 - INFO - Processing payment...
mysql: [Warning] Using a password on the command line interface can be insecure.
ERROR 1698 (28000): Access denied for user 'root'@'localhost'
Tue Mar 17 14:48:29 UTC 2026 - INFO - Processing payment...
mysql: [Warning] Using a password on the command line interface can be insecure.
ERROR 1698 (28000): Access denied for user 'root'@'localhost'
Tue Mar 17 14:48:32 UTC 2026 - INFO - Processing payment...
mysql: [Warning] Using a password on the command line interface can be insecure.
ERROR 1698 (28000): Access denied for user 'root'@'localhost'
Tue Mar 17 14:48:34 UTC 2026 - INFO - Processing payment...
mysql: [Warning] Using a password on the command line interface can be insecure.
ERROR 1698 (28000): Access denied for user 'root'@'localhost'
Tue Mar 17 14:48:37 UTC 2026 - INFO - Processing payment...
mysql: [Warning] Using a password on the command line interface can be insecure.
ERROR 1698 (28000): Access denied for user 'root'@'localhost'
Tue Mar 17 14:48:39 UTC 2026 - INFO - Processing payment...
mysql: [Warning] Using a password on the command line interface can be insecure.
ERROR 1698 (28000): Access denied for user 'root'@'localhost'
Tue Mar 17 14:48:42 UTC 2026 - INFO - Processing payment...
mysql: [Warning] Using a password on the command line interface can be insecure.
ERROR 1698 (28000): Access denied for user 'root'@'localhost'
Tue Mar 17 14:48:44 UTC 2026 - INFO - Processing payment...
mysql: [Warning] Using a password on the command line interface can be insecure.
ERROR 1698 (28000): Access denied for user 'root'@'localhost'
Tue Mar 17 14:48:47 UTC 2026 - INFO - Processing payment...
mysql: [Warning] Using a password on the command line interface can be insecure.
ERROR 1698 (28000): Access denied for user 'root'@'localhost'
Tue Mar 17 14:48:49 UTC 2026 - INFO - Processing payment...
mysql: [Warning] Using a password on the command line interface can be insecure.
ERROR 1698 (28000): Access denied for user 'root'@'localhost'
Tue Mar 17 14:48:52 UTC 2026 - INFO - Processing payment...
mysql: [Warning] Using a password on the command line interface can be insecure.
ERROR 1698 (28000): Access denied for user 'root'@'localhost'
Tue Mar 17 14:48:54 UTC 2026 - INFO - Processing payment...
mysql: [Warning] Using a password on the command line interface can be insecure.
ERROR 1698 (28000): Access denied for user 'root'@'localhost'
Tue Mar 17 14:48:57 UTC 2026 - INFO - Processing payment...
mysql: [Warning] Using a password on the command line interface can be insecure.
ERROR 1698 (28000): Access denied for user 'root'@'localhost'
Tue Mar 17 14:48:59 UTC 2026 - INFO - Processing payment...
mysql: [Warning] Using a password on the command line interface can be insecure.
ERROR 1698 (28000): Access denied for user 'root'@'localhost'
Tue Mar 17 14:49:02 UTC 2026 - INFO - Processing payment...
mysql: [Warning] Using a password on the command line interface can be insecure.
ERROR 1698 (28000): Access denied for user 'root'@'localhost'
Tue Mar 17 14:49:04 UTC 2026 - INFO - Processing payment...
mysql: [Warning] Using a password on the command line interface can be insecure.
ERROR 1698 (28000): Access denied for user 'root'@'localhost'
Tue Mar 17 14:49:07 UTC 2026 - INFO - Processing payment...
mysql: [Warning] Using a password on the command line interface can be insecure.
ERROR 1698 (28000): Access denied for user 'root'@'localhost'
Tue Mar 17 14:49:09 UTC 2026 - INFO - Processing payment...
mysql: [Warning] Using a password on the command line interface can be insecure.
ERROR 1698 (28000): Access denied for user 'root'@'localhost'
Tue Mar 17 14:49:12 UTC 2026 - INFO - Processing payment...
mysql: [Warning] Using a password on the command line interface can be insecure.
ERROR 1698 (28000): Access denied for user 'root'@'localhost'
Tue Mar 17 14:49:14 UTC 2026 - INFO - Processing payment...
mysql: [Warning] Using a password on the command line interface can be insecure.
ERROR 1698 (28000): Access denied for user 'root'@'localhost'
Tue Mar 17 14:49:17 UTC 2026 - INFO - Processing payment...
mysql: [Warning] Using a password on the command line interface can be insecure.
ERROR 1698 (28000): Access denied for user 'root'@'localhost'
Tue Mar 17 14:49:19 UTC 2026 - INFO - Processing payment...
mysql: [Warning] Using a password on the command line interface can be insecure.
ERROR 1698 (28000): Access denied for user 'root'@'localhost'
Tue Mar 17 14:49:22 UTC 2026 - INFO - Processing payment...
mysql: [Warning] Using a password on the command line interface can be insecure.
ERROR 1698 (28000): Access denied for user 'root'@'localhost'
Tue Mar 17 14:49:24 UTC 2026 - INFO - Processing payment...
mysql: [Warning] Using a password on the command line interface can be insecure.
ERROR 1698 (28000): Access denied for user 'root'@'localhost'
Tue Mar 17 14:49:27 UTC 2026 - INFO - Processing payment...
mysql: [Warning] Using a password on the command line interface can be insecure.
ERROR 1698 (28000): Access denied for user 'root'@'localhost'
Tue Mar 17 14:49:29 UTC 2026 - INFO - Processing payment...
mysql: [Warning] Using a password on the command line interface can be insecure.
ERROR 1698 (28000): Access denied for user 'root'@'localhost'
Tue Mar 17 14:49:33 UTC 2026 - INFO - Processing payment...
mysql: [Warning] Using a password on the command line interface can be insecure.
ERROR 1698 (28000): Access denied for user 'root'@'localhost'
Tue Mar 17 14:49:34 UTC 2026 - INFO - Processing payment...
mysql: [Warning] Using a password on the command line interface can be insecure.
ERROR 1698 (28000): Access denied for user 'root'@'localhost'
Tue Mar 17 14:49:38 UTC 2026 - INFO - Processing payment...
mysql: [Warning] Using a password on the command line interface can be insecure.
ERROR 1698 (28000): Access denied for user 'root'@'localhost'
Tue Mar 17 14:49:39 UTC 2026 - INFO - Processing payment...
mysql: [Warning] Using a password on the command line interface can be insecure.
ERROR 1698 (28000): Access denied for user 'root'@'localhost'
Tue Mar 17 14:49:43 UTC 2026 - INFO - Processing payment...
mysql: [Warning] Using a password on the command line interface can be insecure.
ERROR 1698 (28000): Access denied for user 'root'@'localhost'
Tue Mar 17 14:49:44 UTC 2026 - INFO - Processing payment...
mysql: [Warning] Using a password on the command line interface can be insecure.
ERROR 1698 (28000): Access denied for user 'root'@'localhost'
Tue Mar 17 14:49:48 UTC 2026 - INFO - Processing payment...
mysql: [Warning] Using a password on the command line interface can be insecure.
ERROR 1698 (28000): Access denied for user 'root'@'localhost'
Tue Mar 17 14:49:49 UTC 2026 - INFO - Processing payment...
mysql: [Warning] Using a password on the command line interface can be insecure.
ERROR 1698 (28000): Access denied for user 'root'@'localhost'
Tue Mar 17 14:49:53 UTC 2026 - INFO - Processing payment...
mysql: [Warning] Using a password on the command line interface can be insecure.
ERROR 1698 (28000): Access denied for user 'root'@'localhost'
Tue Mar 17 14:49:54 UTC 2026 - INFO - Processing payment...
mysql: [Warning] Using a password on the command line interface can be insecure.
ERROR 1698 (28000): Access denied for user 'root'@'localhost'
Tue Mar 17 14:49:58 UTC 2026 - INFO - Processing payment...
mysql: [Warning] Using a password on the command line interface can be insecure.
ERROR 1698 (28000): Access denied for user 'root'@'localhost'
Tue Mar 17 14:49:59 UTC 2026 - INFO - Processing payment...
mysql: [Warning] Using a password on the command line interface can be insecure.
ERROR 1698 (28000): Access denied for user 'root'@'localhost'
Tue Mar 17 14:50:03 UTC 2026 - INFO - Processing payment...
mysql: [Warning] Using a password on the command line interface can be insecure.
ERROR 1698 (28000): Access denied for user 'root'@'localhost'
Tue Mar 17 14:50:04 UTC 2026 - INFO - Processing payment...
mysql: [Warning] Using a password on the command line interface can be insecure.
ERROR 1698 (28000): Access denied for user 'root'@'localhost'
Tue Mar 17 14:50:08 UTC 2026 - INFO - Processing payment...
mysql: [Warning] Using a password on the command line interface can be insecure.
ERROR 1698 (28000): Access denied for user 'root'@'localhost'
Tue Mar 17 14:50:09 UTC 2026 - INFO - Processing payment...
mysql: [Warning] Using a password on the command line interface can be insecure.
ERROR 1698 (28000): Access denied for user 'root'@'localhost'
Tue Mar 17 14:50:13 UTC 2026 - INFO - Processing payment...
mysql: [Warning] Using a password on the command line interface can be insecure.
ERROR 1698 (28000): Access denied for user 'root'@'localhost'
Tue Mar 17 14:50:14 UTC 2026 - INFO - Processing payment...
mysql: [Warning] Using a password on the command line interface can be insecure.
ERROR 1698 (28000): Access denied for user 'root'@'localhost'
Tue Mar 17 14:50:18 UTC 2026 - INFO - Processing payment...
mysql: [Warning] Using a password on the command line interface can be insecure.
ERROR 1698 (28000): Access denied for user 'root'@'localhost'
Tue Mar 17 14:50:19 UTC 2026 - INFO - Processing payment...
mysql: [Warning] Using a password on the command line interface can be insecure.
ERROR 1698 (28000): Access denied for user 'root'@'localhost'
Tue Mar 17 14:50:23 UTC 2026 - INFO - Processing payment...
mysql: [Warning] Using a password on the command line interface can be insecure.
ERROR 1698 (28000): Access denied for user 'root'@'localhost'
Tue Mar 17 14:50:25 UTC 2026 - INFO - Processing payment...
mysql: [Warning] Using a password on the command line interface can be insecure.
ERROR 1698 (28000): Access denied for user 'root'@'localhost'
Tue Mar 17 14:50:28 UTC 2026 - INFO - Processing payment...
mysql: [Warning] Using a password on the command line interface can be insecure.
ERROR 1698 (28000): Access denied for user 'root'@'localhost'
Tue Mar 17 14:50:30 UTC 2026 - INFO - Processing payment...
mysql: [Warning] Using a password on the command line interface can be insecure.
ERROR 1698 (28000): Access denied for user 'root'@'localhost'
Tue Mar 17 14:50:33 UTC 2026 - INFO - Processing payment...
mysql: [Warning] Using a password on the command line interface can be insecure.
ERROR 1698 (28000): Access denied for user 'root'@'localhost'
Tue Mar 17 14:50:35 UTC 2026 - INFO - Processing payment...
mysql: [Warning] Using a password on the command line interface can be insecure.
ERROR 1698 (28000): Access denied for user 'root'@'localhost'
Tue Mar 17 14:50:38 UTC 2026 - INFO - Processing payment...
mysql: [Warning] Using a password on the command line interface can be insecure.
ERROR 1698 (28000): Access denied for user 'root'@'localhost'
Tue Mar 17 14:50:40 UTC 2026 - INFO - Processing payment...
mysql: [Warning] Using a password on the command line interface can be insecure.
ERROR 1698 (28000): Access denied for user 'root'@'localhost'
Tue Mar 17 14:50:43 UTC 2026 - INFO - Processing payment...
mysql: [Warning] Using a password on the command line interface can be insecure.
ERROR 1698 (28000): Access denied for user 'root'@'localhost'
Tue Mar 17 14:50:45 UTC 2026 - INFO - Processing payment...
mysql: [Warning] Using a password on the command line interface can be insecure.
ERROR 1698 (28000): Access denied for user 'root'@'localhost'
Tue Mar 17 14:50:48 UTC 2026 - INFO - Processing payment...
mysql: [Warning] Using a password on the command line interface can be insecure.
ERROR 1698 (28000): Access denied for user 'root'@'localhost'
Tue Mar 17 14:50:50 UTC 2026 - INFO - Processing payment...
mysql: [Warning] Using a password on the command line interface can be insecure.
ERROR 1698 (28000): Access denied for user 'root'@'localhost'
Tue Mar 17 14:50:53 UTC 2026 - INFO - Processing payment...
mysql: [Warning] Using a password on the command line interface can be insecure.
ERROR 1698 (28000): Access denied for user 'root'@'localhost'
Tue Mar 17 14:50:55 UTC 2026 - INFO - Processing payment...
mysql: [Warning] Using a password on the command line interface can be insecure.
ERROR 1698 (28000): Access denied for user 'root'@'localhost'
Tue Mar 17 14:50:58 UTC 2026 - INFO - Processing payment...
mysql: [Warning] Using a password on the command line interface can be insecure.
ERROR 1698 (28000): Access denied for user 'root'@'localhost'
Tue Mar 17 14:51:00 UTC 2026 - INFO - Processing payment...
mysql: [Warning] Using a password on the command line interface can be insecure.
ERROR 1698 (28000): Access denied for user 'root'@'localhost'
Tue Mar 17 14:51:03 UTC 2026 - INFO - Processing payment...
mysql: [Warning] Using a password on the command line interface can be insecure.
ERROR 1698 (28000): Access denied for user 'root'@'localhost'
Tue Mar 17 14:51:05 UTC 2026 - INFO - Processing payment...
mysql: [Warning] Using a password on the command line interface can be insecure.
ERROR 1698 (28000): Access denied for user 'root'@'localhost'
Tue Mar 17 14:51:08 UTC 2026 - INFO - Processing payment...
mysql: [Warning] Using a password on the command line interface can be insecure.
ERROR 1698 (28000): Access denied for user 'root'@'localhost'
Tue Mar 17 14:51:10 UTC 2026 - INFO - Processing payment...
mysql: [Warning] Using a password on the command line interface can be insecure.
ERROR 1698 (28000): Access denied for user 'root'@'localhost'
Tue Mar 17 14:51:13 UTC 2026 - INFO - Processing payment...
mysql: [Warning] Using a password on the command line interface can be insecure.
ERROR 1698 (28000): Access denied for user 'root'@'localhost'
Tue Mar 17 14:51:15 UTC 2026 - INFO - Processing payment...
mysql: [Warning] Using a password on the command line interface can be insecure.
ERROR 1698 (28000): Access denied for user 'root'@'localhost'
Tue Mar 17 14:51:18 UTC 2026 - INFO - Processing payment...
mysql: [Warning] Using a password on the command line interface can be insecure.
ERROR 1698 (28000): Access denied for user 'root'@'localhost'
Tue Mar 17 14:51:20 UTC 2026 - INFO - Processing payment...
mysql: [Warning] Using a password on the command line interface can be insecure.
ERROR 1698 (28000): Access denied for user 'root'@'localhost'
Tue Mar 17 14:51:23 UTC 2026 - INFO - Processing payment...
mysql: [Warning] Using a password on the command line interface can be insecure.
ERROR 1698 (28000): Access denied for user 'root'@'localhost'
Tue Mar 17 14:51:25 UTC 2026 - INFO - Processing payment...
mysql: [Warning] Using a password on the command line interface can be insecure.
ERROR 1698 (28000): Access denied for user 'root'@'localhost'
Tue Mar 17 14:51:28 UTC 2026 - INFO - Processing payment...
mysql: [Warning] Using a password on the command line interface can be insecure.
ERROR 1698 (28000): Access denied for user 'root'@'localhost'
Tue Mar 17 14:51:30 UTC 2026 - INFO - Processing payment...
mysql: [Warning] Using a password on the command line interface can be insecure.
ERROR 1698 (28000): Access denied for user 'root'@'localhost'
Tue Mar 17 14:51:33 UTC 2026 - INFO - Processing payment...
mysql: [Warning] Using a password on the command line interface can be insecure.
ERROR 1698 (28000): Access denied for user 'root'@'localhost'
Tue Mar 17 14:51:35 UTC 2026 - INFO - Processing payment...
mysql: [Warning] Using a password on the command line interface can be insecure.
ERROR 1698 (28000): Access denied for user 'root'@'localhost'
Tue Mar 17 14:51:38 UTC 2026 - INFO - Processing payment...
mysql: [Warning] Using a password on the command line interface can be insecure.
ERROR 1698 (28000): Access denied for user 'root'@'localhost'
Tue Mar 17 14:51:40 UTC 2026 - INFO - Processing payment...
mysql: [Warning] Using a password on the command line interface can be insecure.
ERROR 1698 (28000): Access denied for user 'root'@'localhost'
Tue Mar 17 14:51:43 UTC 2026 - INFO - Processing payment...
mysql: [Warning] Using a password on the command line interface can be insecure.
ERROR 1045 (28000): Access denied for user 'root'@'localhost' (using password: YES)
Tue Mar 17 14:51:45 UTC 2026 - INFO - Processing payment...
mysql: [Warning] Using a password on the command line interface can be insecure.
ERROR 1045 (28000): Access denied for user 'root'@'localhost' (using password: YES)
Tue Mar 17 14:51:48 UTC 2026 - INFO - Processing payment...
mysql: [Warning] Using a password on the command line interface can be insecure.
ERROR 1045 (28000): Access denied for user 'root'@'localhost' (using password: YES)
Tue Mar 17 14:51:50 UTC 2026 - INFO - Processing payment...
mysql: [Warning] Using a password on the command line interface can be insecure.
ERROR 1045 (28000): Access denied for user 'root'@'localhost' (using password: YES)
Tue Mar 17 14:51:53 UTC 2026 - INFO - Processing payment...
mysql: [Warning] Using a password on the command line interface can be insecure.
ERROR 1045 (28000): Access denied for user 'root'@'localhost' (using password: YES)
Tue Mar 17 14:51:55 UTC 2026 - INFO - Processing payment...
mysql: [Warning] Using a password on the command line interface can be insecure.
ERROR 1045 (28000): Access denied for user 'root'@'localhost' (using password: YES)
Tue Mar 17 14:51:58 UTC 2026 - INFO - Processing payment...
mysql: [Warning] Using a password on the command line interface can be insecure.
ERROR 1045 (28000): Access denied for user 'root'@'localhost' (using password: YES)
Tue Mar 17 14:52:00 UTC 2026 - INFO - Processing payment...
mysql: [Warning] Using a password on the command line interface can be insecure.
ERROR 1045 (28000): Access denied for user 'root'@'localhost' (using password: YES)
Tue Mar 17 14:52:03 UTC 2026 - INFO - Processing payment...
mysql: [Warning] Using a password on the command line interface can be insecure.
ERROR 1045 (28000): Access denied for user 'root'@'localhost' (using password: YES)
Tue Mar 17 14:52:05 UTC 2026 - INFO - Processing payment...
mysql: [Warning] Using a password on the command line interface can be insecure.
ERROR 1045 (28000): Access denied for user 'root'@'localhost' (using password: YES)
Tue Mar 17 14:52:08 UTC 2026 - INFO - Processing payment...
mysql: [Warning] Using a password on the command line interface can be insecure.
ERROR 1045 (28000): Access denied for user 'root'@'localhost' (using password: YES)
Tue Mar 17 14:52:10 UTC 2026 - INFO - Processing payment...
mysql: [Warning] Using a password on the command line interface can be insecure.
ERROR 1045 (28000): Access denied for user 'root'@'localhost' (using password: YES)
Tue Mar 17 14:52:13 UTC 2026 - INFO - Processing payment...
mysql: [Warning] Using a password on the command line interface can be insecure.
ERROR 1045 (28000): Access denied for user 'root'@'localhost' (using password: YES)
Tue Mar 17 14:52:15 UTC 2026 - INFO - Processing payment...
mysql: [Warning] Using a password on the command line interface can be insecure.
ERROR 1045 (28000): Access denied for user 'root'@'localhost' (using password: YES)
Tue Mar 17 14:52:19 UTC 2026 - INFO - Processing payment...
mysql: [Warning] Using a password on the command line interface can be insecure.
ERROR 1045 (28000): Access denied for user 'root'@'localhost' (using password: YES)
Tue Mar 17 14:52:20 UTC 2026 - INFO - Processing payment...
mysql: [Warning] Using a password on the command line interface can be insecure.
ERROR 1045 (28000): Access denied for user 'root'@'localhost' (using password: YES)
Tue Mar 17 14:52:24 UTC 2026 - INFO - Processing payment...
mysql: [Warning] Using a password on the command line interface can be insecure.
ERROR 1045 (28000): Access denied for user 'root'@'localhost' (using password: YES)
Tue Mar 17 14:52:25 UTC 2026 - INFO - Processing payment...
mysql: [Warning] Using a password on the command line interface can be insecure.
ERROR 1045 (28000): Access denied for user 'root'@'localhost' (using password: YES)
Tue Mar 17 14:52:29 UTC 2026 - INFO - Processing payment...
mysql: [Warning] Using a password on the command line interface can be insecure.
ERROR 1045 (28000): Access denied for user 'root'@'localhost' (using password: YES)
Tue Mar 17 14:52:30 UTC 2026 - INFO - Processing payment...
mysql: [Warning] Using a password on the command line interface can be insecure.
ERROR 1045 (28000): Access denied for user 'root'@'localhost' (using password: YES)
Tue Mar 17 14:52:34 UTC 2026 - INFO - Processing payment...
mysql: [Warning] Using a password on the command line interface can be insecure.
ERROR 1045 (28000): Access denied for user 'root'@'localhost' (using password: YES)
Tue Mar 17 14:52:35 UTC 2026 - INFO - Processing payment...
mysql: [Warning] Using a password on the command line interface can be insecure.
ERROR 1045 (28000): Access denied for user 'root'@'localhost' (using password: YES)
Tue Mar 17 14:52:39 UTC 2026 - INFO - Processing payment...
mysql: [Warning] Using a password on the command line interface can be insecure.
ERROR 1045 (28000): Access denied for user 'root'@'localhost' (using password: YES)
Tue Mar 17 14:52:40 UTC 2026 - INFO - Processing payment...
mysql: [Warning] Using a password on the command line interface can be insecure.
ERROR 1045 (28000): Access denied for user 'root'@'localhost' (using password: YES)
Tue Mar 17 14:52:44 UTC 2026 - INFO - Processing payment...
mysql: [Warning] Using a password on the command line interface can be insecure.
ERROR 1045 (28000): Access denied for user 'root'@'localhost' (using password: YES)
Tue Mar 17 14:52:45 UTC 2026 - INFO - Processing payment...
mysql: [Warning] Using a password on the command line interface can be insecure.
ERROR 1045 (28000): Access denied for user 'root'@'localhost' (using password: YES)
Tue Mar 17 14:52:49 UTC 2026 - INFO - Processing payment...
mysql: [Warning] Using a password on the command line interface can be insecure.
ERROR 1045 (28000): Access denied for user 'root'@'localhost' (using password: YES)
Tue Mar 17 14:52:50 UTC 2026 - INFO - Processing payment...
mysql: [Warning] Using a password on the command line interface can be insecure.
ERROR 1045 (28000): Access denied for user 'root'@'localhost' (using password: YES)
Tue Mar 17 14:52:54 UTC 2026 - INFO - Processing payment...
mysql: [Warning] Using a password on the command line interface can be insecure.
ERROR 1045 (28000): Access denied for user 'root'@'localhost' (using password: YES)
Tue Mar 17 14:52:55 UTC 2026 - INFO - Processing payment...
mysql: [Warning] Using a password on the command line interface can be insecure.
ERROR 1045 (28000): Access denied for user 'root'@'localhost' (using password: YES)
Tue Mar 17 14:52:59 UTC 2026 - INFO - Processing payment...
mysql: [Warning] Using a password on the command line interface can be insecure.
ERROR 1045 (28000): Access denied for user 'root'@'localhost' (using password: YES)
Tue Mar 17 14:53:00 UTC 2026 - INFO - Processing payment...
mysql: [Warning] Using a password on the command line interface can be insecure.
ERROR 1045 (28000): Access denied for user 'root'@'localhost' (using password: YES)
Tue Mar 17 14:53:04 UTC 2026 - INFO - Processing payment...
mysql: [Warning] Using a password on the command line interface can be insecure.
ERROR 1045 (28000): Access denied for user 'root'@'localhost' (using password: YES)
Tue Mar 17 14:53:05 UTC 2026 - INFO - Processing payment...
mysql: [Warning] Using a password on the command line interface can be insecure.
ERROR 1045 (28000): Access denied for user 'root'@'localhost' (using password: YES)
Tue Mar 17 14:53:09 UTC 2026 - INFO - Processing payment...
mysql: [Warning] Using a password on the command line interface can be insecure.
ERROR 1045 (28000): Access denied for user 'root'@'localhost' (using password: YES)
Tue Mar 17 14:53:10 UTC 2026 - INFO - Processing payment...
mysql: [Warning] Using a password on the command line interface can be insecure.
ERROR 1045 (28000): Access denied for user 'root'@'localhost' (using password: YES)
Tue Mar 17 14:53:14 UTC 2026 - INFO - Processing payment...
mysql: [Warning] Using a password on the command line interface can be insecure.
ERROR 1045 (28000): Access denied for user 'root'@'localhost' (using password: YES)
Tue Mar 17 14:53:16 UTC 2026 - INFO - Processing payment...
mysql: [Warning] Using a password on the command line interface can be insecure.
ERROR 1045 (28000): Access denied for user 'root'@'localhost' (using password: YES)
Tue Mar 17 14:53:19 UTC 2026 - INFO - Processing payment...
mysql: [Warning] Using a password on the command line interface can be insecure.
ERROR 1045 (28000): Access denied for user 'root'@'localhost' (using password: YES)
Tue Mar 17 14:53:21 UTC 2026 - INFO - Processing payment...
mysql: [Warning] Using a password on the command line interface can be insecure.
ERROR 1045 (28000): Access denied for user 'root'@'localhost' (using password: YES)
Tue Mar 17 14:53:24 UTC 2026 - INFO - Processing payment...
mysql: [Warning] Using a password on the command line interface can be insecure.
ERROR 1045 (28000): Access denied for user 'root'@'localhost' (using password: YES)
Tue Mar 17 14:53:26 UTC 2026 - INFO - Processing payment...
mysql: [Warning] Using a password on the command line interface can be insecure.
ERROR 1045 (28000): Access denied for user 'root'@'localhost' (using password: YES)
Tue Mar 17 14:53:29 UTC 2026 - INFO - Processing payment...
mysql: [Warning] Using a password on the command line interface can be insecure.
ERROR 1045 (28000): Access denied for user 'root'@'localhost' (using password: YES)
Tue Mar 17 14:53:31 UTC 2026 - INFO - Processing payment...
mysql: [Warning] Using a password on the command line interface can be insecure.
ERROR 1045 (28000): Access denied for user 'root'@'localhost' (using password: YES)
Tue Mar 17 14:53:34 UTC 2026 - INFO - Processing payment...
mysql: [Warning] Using a password on the command line interface can be insecure.
ERROR 1045 (28000): Access denied for user 'root'@'localhost' (using password: YES)
Tue Mar 17 14:53:36 UTC 2026 - INFO - Processing payment...
mysql: [Warning] Using a password on the command line interface can be insecure.
ERROR 1045 (28000): Access denied for user 'root'@'localhost' (using password: YES)
Tue Mar 17 14:53:39 UTC 2026 - INFO - Processing payment...
mysql: [Warning] Using a password on the command line interface can be insecure.
ERROR 1045 (28000): Access denied for user 'root'@'localhost' (using password: YES)
Tue Mar 17 14:53:41 UTC 2026 - INFO - Processing payment...
mysql: [Warning] Using a password on the command line interface can be insecure.
ERROR 1045 (28000): Access denied for user 'root'@'localhost' (using password: YES)
Tue Mar 17 14:53:44 UTC 2026 - INFO - Processing payment...
mysql: [Warning] Using a password on the command line interface can be insecure.
ERROR 1045 (28000): Access denied for user 'root'@'localhost' (using password: YES)
Tue Mar 17 14:53:46 UTC 2026 - INFO - Processing payment...
mysql: [Warning] Using a password on the command line interface can be insecure.
ERROR 1045 (28000): Access denied for user 'root'@'localhost' (using password: YES)
Tue Mar 17 14:53:49 UTC 2026 - INFO - Processing payment...
mysql: [Warning] Using a password on the command line interface can be insecure.
ERROR 1045 (28000): Access denied for user 'root'@'localhost' (using password: YES)
Tue Mar 17 14:53:51 UTC 2026 - INFO - Processing payment...
mysql: [Warning] Using a password on the command line interface can be insecure.
ERROR 1045 (28000): Access denied for user 'root'@'localhost' (using password: YES)
Tue Mar 17 14:53:54 UTC 2026 - INFO - Processing payment...
mysql: [Warning] Using a password on the command line interface can be insecure.
ERROR 1045 (28000): Access denied for user 'root'@'localhost' (using password: YES)
Tue Mar 17 14:53:56 UTC 2026 - INFO - Processing payment...
mysql: [Warning] Using a password on the command line interface can be insecure.
ERROR 1045 (28000): Access denied for user 'root'@'localhost' (using password: YES)
Tue Mar 17 14:53:59 UTC 2026 - INFO - Processing payment...
mysql: [Warning] Using a password on the command line interface can be insecure.
ERROR 1045 (28000): Access denied for user 'root'@'localhost' (using password: YES)
Tue Mar 17 14:54:01 UTC 2026 - INFO - Processing payment...
mysql: [Warning] Using a password on the command line interface can be insecure.
ERROR 1045 (28000): Access denied for user 'root'@'localhost' (using password: YES)
Tue Mar 17 14:54:04 UTC 2026 - INFO - Processing payment...
mysql: [Warning] Using a password on the command line interface can be insecure.
ERROR 1045 (28000): Access denied for user 'root'@'localhost' (using password: YES)
Tue Mar 17 14:54:06 UTC 2026 - INFO - Processing payment...
mysql: [Warning] Using a password on the command line interface can be insecure.
ERROR 1045 (28000): Access denied for user 'root'@'localhost' (using password: YES)
Tue Mar 17 14:54:09 UTC 2026 - INFO - Processing payment...
mysql: [Warning] Using a password on the command line interface can be insecure.
ERROR 1045 (28000): Access denied for user 'root'@'localhost' (using password: YES)
Tue Mar 17 14:54:11 UTC 2026 - INFO - Processing payment...
mysql: [Warning] Using a password on the command line interface can be insecure.
ERROR 1045 (28000): Access denied for user 'root'@'localhost' (using password: YES)
Tue Mar 17 14:54:14 UTC 2026 - INFO - Processing payment...
mysql: [Warning] Using a password on the command line interface can be insecure.
ERROR 1045 (28000): Access denied for user 'root'@'localhost' (using password: YES)
Tue Mar 17 14:54:16 UTC 2026 - INFO - Processing payment...
mysql: [Warning] Using a password on the command line interface can be insecure.
ERROR 1045 (28000): Access denied for user 'root'@'localhost' (using password: YES)
Tue Mar 17 14:54:19 UTC 2026 - INFO - Processing payment...
mysql: [Warning] Using a password on the command line interface can be insecure.
ERROR 1045 (28000): Access denied for user 'root'@'localhost' (using password: YES)
Tue Mar 17 14:54:21 UTC 2026 - INFO - Processing payment...
mysql: [Warning] Using a password on the command line interface can be insecure.
ERROR 1045 (28000): Access denied for user 'root'@'localhost' (using password: YES)
Tue Mar 17 14:54:24 UTC 2026 - INFO - Processing payment...
mysql: [Warning] Using a password on the command line interface can be insecure.
ERROR 1045 (28000): Access denied for user 'root'@'localhost' (using password: YES)
Tue Mar 17 14:54:26 UTC 2026 - INFO - Processing payment...
mysql: [Warning] Using a password on the command line interface can be insecure.
ERROR 1045 (28000): Access denied for user 'root'@'localhost' (using password: YES)
Tue Mar 17 14:54:29 UTC 2026 - INFO - Processing payment...
mysql: [Warning] Using a password on the command line interface can be insecure.
ERROR 1045 (28000): Access denied for user 'root'@'localhost' (using password: YES)
Tue Mar 17 14:54:31 UTC 2026 - INFO - Processing payment...
mysql: [Warning] Using a password on the command line interface can be insecure.
ERROR 1045 (28000): Access denied for user 'root'@'localhost' (using password: YES)
Tue Mar 17 14:54:34 UTC 2026 - INFO - Processing payment...
mysql: [Warning] Using a password on the command line interface can be insecure.
ERROR 1045 (28000): Access denied for user 'root'@'localhost' (using password: YES)
Tue Mar 17 14:54:36 UTC 2026 - INFO - Processing payment...
mysql: [Warning] Using a password on the command line interface can be insecure.
ERROR 1045 (28000): Access denied for user 'root'@'localhost' (using password: YES)
Tue Mar 17 14:54:39 UTC 2026 - INFO - Processing payment...
mysql: [Warning] Using a password on the command line interface can be insecure.
ERROR 1045 (28000): Access denied for user 'root'@'localhost' (using password: YES)
Tue Mar 17 14:54:41 UTC 2026 - INFO - Processing payment...
mysql: [Warning] Using a password on the command line interface can be insecure.
ERROR 1045 (28000): Access denied for user 'root'@'localhost' (using password: YES)
Tue Mar 17 14:54:44 UTC 2026 - INFO - Processing payment...
mysql: [Warning] Using a password on the command line interface can be insecure.
ERROR 1045 (28000): Access denied for user 'root'@'localhost' (using password: YES)
Tue Mar 17 14:54:46 UTC 2026 - INFO - Processing payment...
mysql: [Warning] Using a password on the command line interface can be insecure.
ERROR 1045 (28000): Access denied for user 'root'@'localhost' (using password: YES)
Tue Mar 17 14:54:49 UTC 2026 - INFO - Processing payment...
mysql: [Warning] Using a password on the command line interface can be insecure.
ERROR 1045 (28000): Access denied for user 'root'@'localhost' (using password: YES)
Tue Mar 17 14:54:51 UTC 2026 - INFO - Processing payment...
mysql: [Warning] Using a password on the command line interface can be insecure.
ERROR 1045 (28000): Access denied for user 'root'@'localhost' (using password: YES)
Tue Mar 17 14:54:54 UTC 2026 - INFO - Processing payment...
mysql: [Warning] Using a password on the command line interface can be insecure.
ERROR 1045 (28000): Access denied for user 'root'@'localhost' (using password: YES)
Tue Mar 17 14:54:56 UTC 2026 - INFO - Processing payment...
mysql: [Warning] Using a password on the command line interface can be insecure.
ERROR 1045 (28000): Access denied for user 'root'@'localhost' (using password: YES)
Tue Mar 17 14:54:59 UTC 2026 - INFO - Processing payment...
mysql: [Warning] Using a password on the command line interface can be insecure.
ERROR 1045 (28000): Access denied for user 'root'@'localhost' (using password: YES)
Tue Mar 17 14:55:01 UTC 2026 - INFO - Processing payment...
mysql: [Warning] Using a password on the command line interface can be insecure.
ERROR 1045 (28000): Access denied for user 'root'@'localhost' (using password: YES)
Tue Mar 17 14:55:05 UTC 2026 - INFO - Processing payment...
mysql: [Warning] Using a password on the command line interface can be insecure.
ERROR 1045 (28000): Access denied for user 'root'@'localhost' (using password: YES)
Tue Mar 17 14:55:06 UTC 2026 - INFO - Processing payment...
mysql: [Warning] Using a password on the command line interface can be insecure.
ERROR 1045 (28000): Access denied for user 'root'@'localhost' (using password: YES)
Tue Mar 17 14:55:10 UTC 2026 - INFO - Processing payment...
mysql: [Warning] Using a password on the command line interface can be insecure.
ERROR 1045 (28000): Access denied for user 'root'@'localhost' (using password: YES)
Tue Mar 17 14:55:11 UTC 2026 - INFO - Processing payment...
mysql: [Warning] Using a password on the command line interface can be insecure.
ERROR 1045 (28000): Access denied for user 'root'@'localhost' (using password: YES)
Tue Mar 17 14:55:15 UTC 2026 - INFO - Processing payment...
mysql: [Warning] Using a password on the command line interface can be insecure.
ERROR 1045 (28000): Access denied for user 'root'@'localhost' (using password: YES)
Tue Mar 17 14:55:16 UTC 2026 - INFO - Processing payment...
mysql: [Warning] Using a password on the command line interface can be insecure.
ERROR 1045 (28000): Access denied for user 'root'@'localhost' (using password: YES)
Tue Mar 17 14:55:20 UTC 2026 - INFO - Processing payment...
mysql: [Warning] Using a password on the command line interface can be insecure.
ERROR 1045 (28000): Access denied for user 'root'@'localhost' (using password: YES)
Tue Mar 17 14:55:21 UTC 2026 - INFO - Processing payment...
mysql: [Warning] Using a password on the command line interface can be insecure.
ERROR 1045 (28000): Access denied for user 'root'@'localhost' (using password: YES)
Tue Mar 17 14:55:25 UTC 2026 - INFO - Processing payment...
mysql: [Warning] Using a password on the command line interface can be insecure.
ERROR 1045 (28000): Access denied for user 'root'@'localhost' (using password: YES)
Tue Mar 17 14:55:26 UTC 2026 - INFO - Processing payment...
mysql: [Warning] Using a password on the command line interface can be insecure.
ERROR 1045 (28000): Access denied for user 'root'@'localhost' (using password: YES)
Tue Mar 17 14:55:30 UTC 2026 - INFO - Processing payment...
mysql: [Warning] Using a password on the command line interface can be insecure.
ERROR 1045 (28000): Access denied for user 'root'@'localhost' (using password: YES)
Tue Mar 17 14:55:31 UTC 2026 - INFO - Processing payment...
mysql: [Warning] Using a password on the command line interface can be insecure.
ERROR 1045 (28000): Access denied for user 'root'@'localhost' (using password: YES)
Tue Mar 17 14:55:35 UTC 2026 - INFO - Processing payment...
mysql: [Warning] Using a password on the command line interface can be insecure.
ERROR 1045 (28000): Access denied for user 'root'@'localhost' (using password: YES)
Tue Mar 17 14:55:36 UTC 2026 - INFO - Processing payment...
mysql: [Warning] Using a password on the command line interface can be insecure.
ERROR 1045 (28000): Access denied for user 'root'@'localhost' (using password: YES)
Tue Mar 17 14:55:40 UTC 2026 - INFO - Processing payment...
mysql: [Warning] Using a password on the command line interface can be insecure.
ERROR 1045 (28000): Access denied for user 'root'@'localhost' (using password: YES)
Tue Mar 17 14:55:41 UTC 2026 - INFO - Processing payment...
mysql: [Warning] Using a password on the command line interface can be insecure.
ERROR 1045 (28000): Access denied for user 'root'@'localhost' (using password: YES)
Tue Mar 17 14:55:45 UTC 2026 - INFO - Processing payment...
mysql: [Warning] Using a password on the command line interface can be insecure.
ERROR 1045 (28000): Access denied for user 'root'@'localhost' (using password: YES)
Tue Mar 17 14:55:46 UTC 2026 - INFO - Processing payment...
mysql: [Warning] Using a password on the command line interface can be insecure.
ERROR 1045 (28000): Access denied for user 'root'@'localhost' (using password: YES)
Tue Mar 17 14:55:50 UTC 2026 - INFO - Processing payment...
mysql: [Warning] Using a password on the command line interface can be insecure.
ERROR 1045 (28000): Access denied for user 'root'@'localhost' (using password: YES)
Tue Mar 17 14:55:51 UTC 2026 - INFO - Processing payment...
mysql: [Warning] Using a password on the command line interface can be insecure.
ERROR 1045 (28000): Access denied for user 'root'@'localhost' (using password: YES)
Tue Mar 17 14:55:55 UTC 2026 - INFO - Processing payment...
mysql: [Warning] Using a password on the command line interface can be insecure.
ERROR 1045 (28000): Access denied for user 'root'@'localhost' (using password: YES)
Tue Mar 17 14:55:56 UTC 2026 - INFO - Processing payment...
mysql: [Warning] Using a password on the command line interface can be insecure.
ERROR 1045 (28000): Access denied for user 'root'@'localhost' (using password: YES)
Tue Mar 17 14:56:00 UTC 2026 - INFO - Processing payment...
mysql: [Warning] Using a password on the command line interface can be insecure.
ERROR 1045 (28000): Access denied for user 'root'@'localhost' (using password: YES)
Tue Mar 17 14:56:02 UTC 2026 - INFO - Processing payment...
mysql: [Warning] Using a password on the command line interface can be insecure.
ERROR 1045 (28000): Access denied for user 'root'@'localhost' (using password: YES)
Tue Mar 17 14:56:05 UTC 2026 - INFO - Processing payment...
mysql: [Warning] Using a password on the command line interface can be insecure.
ERROR 1045 (28000): Access denied for user 'root'@'localhost' (using password: YES)
Tue Mar 17 14:56:07 UTC 2026 - INFO - Processing payment...
mysql: [Warning] Using a password on the command line interface can be insecure.
ERROR 1045 (28000): Access denied for user 'root'@'localhost' (using password: YES)
Tue Mar 17 14:56:10 UTC 2026 - INFO - Processing payment...
mysql: [Warning] Using a password on the command line interface can be insecure.
ERROR 1045 (28000): Access denied for user 'root'@'localhost' (using password: YES)
Tue Mar 17 14:56:12 UTC 2026 - INFO - Processing payment...
mysql: [Warning] Using a password on the command line interface can be insecure.
ERROR 1045 (28000): Access denied for user 'root'@'localhost' (using password: YES)
Tue Mar 17 14:56:15 UTC 2026 - INFO - Processing payment...
mysql: [Warning] Using a password on the command line interface can be insecure.
ERROR 1045 (28000): Access denied for user 'root'@'localhost' (using password: YES)
Tue Mar 17 14:56:17 UTC 2026 - INFO - Processing payment...
mysql: [Warning] Using a password on the command line interface can be insecure.
ERROR 1045 (28000): Access denied for user 'root'@'localhost' (using password: YES)
Tue Mar 17 14:56:20 UTC 2026 - INFO - Processing payment...
mysql: [Warning] Using a password on the command line interface can be insecure.
ERROR 1045 (28000): Access denied for user 'root'@'localhost' (using password: YES)
Tue Mar 17 14:56:22 UTC 2026 - INFO - Processing payment...
mysql: [Warning] Using a password on the command line interface can be insecure.
ERROR 1045 (28000): Access denied for user 'root'@'localhost' (using password: YES)
Tue Mar 17 14:56:25 UTC 2026 - INFO - Processing payment...
mysql: [Warning] Using a password on the command line interface can be insecure.
ERROR 1045 (28000): Access denied for user 'root'@'localhost' (using password: YES)
Tue Mar 17 14:56:27 UTC 2026 - INFO - Processing payment...
mysql: [Warning] Using a password on the command line interface can be insecure.
ERROR 1045 (28000): Access denied for user 'root'@'localhost' (using password: YES)
Tue Mar 17 14:56:30 UTC 2026 - INFO - Processing payment...
mysql: [Warning] Using a password on the command line interface can be insecure.
ERROR 1045 (28000): Access denied for user 'root'@'localhost' (using password: YES)
Tue Mar 17 14:56:32 UTC 2026 - INFO - Processing payment...
mysql: [Warning] Using a password on the command line interface can be insecure.
ERROR 1045 (28000): Access denied for user 'root'@'localhost' (using password: YES)
Tue Mar 17 14:56:35 UTC 2026 - INFO - Processing payment...
mysql: [Warning] Using a password on the command line interface can be insecure.
ERROR 1045 (28000): Access denied for user 'root'@'localhost' (using password: YES)
Tue Mar 17 14:56:37 UTC 2026 - INFO - Processing payment...
mysql: [Warning] Using a password on the command line interface can be insecure.
ERROR 1045 (28000): Access denied for user 'root'@'localhost' (using password: YES)
Tue Mar 17 14:56:40 UTC 2026 - INFO - Processing payment...
mysql: [Warning] Using a password on the command line interface can be insecure.
ERROR 1045 (28000): Access denied for user 'root'@'localhost' (using password: YES)
Tue Mar 17 14:56:42 UTC 2026 - INFO - Processing payment...
mysql: [Warning] Using a password on the command line interface can be insecure.
ERROR 1045 (28000): Access denied for user 'root'@'localhost' (using password: YES)
Tue Mar 17 14:56:45 UTC 2026 - INFO - Processing payment...
mysql: [Warning] Using a password on the command line interface can be insecure.
ERROR 1045 (28000): Access denied for user 'root'@'localhost' (using password: YES)
Tue Mar 17 14:56:47 UTC 2026 - INFO - Processing payment...
mysql: [Warning] Using a password on the command line interface can be insecure.
ERROR 1045 (28000): Access denied for user 'root'@'localhost' (using password: YES)
Tue Mar 17 14:56:50 UTC 2026 - INFO - Processing payment...
mysql: [Warning] Using a password on the command line interface can be insecure.
ERROR 1045 (28000): Access denied for user 'root'@'localhost' (using password: YES)
Tue Mar 17 14:56:52 UTC 2026 - INFO - Processing payment...
mysql: [Warning] Using a password on the command line interface can be insecure.
ERROR 1045 (28000): Access denied for user 'root'@'localhost' (using password: YES)
Tue Mar 17 14:56:55 UTC 2026 - INFO - Processing payment...
mysql: [Warning] Using a password on the command line interface can be insecure.
ERROR 1045 (28000): Access denied for user 'root'@'localhost' (using password: YES)
Tue Mar 17 14:56:57 UTC 2026 - INFO - Processing payment...
mysql: [Warning] Using a password on the command line interface can be insecure.
ERROR 1045 (28000): Access denied for user 'root'@'localhost' (using password: YES)
Tue Mar 17 14:57:00 UTC 2026 - INFO - Processing payment...
mysql: [Warning] Using a password on the command line interface can be insecure.
ERROR 1045 (28000): Access denied for user 'root'@'localhost' (using password: YES)
Tue Mar 17 14:57:02 UTC 2026 - INFO - Processing payment...
mysql: [Warning] Using a password on the command line interface can be insecure.
ERROR 1045 (28000): Access denied for user 'root'@'localhost' (using password: YES)
Tue Mar 17 14:57:05 UTC 2026 - INFO - Processing payment...
mysql: [Warning] Using a password on the command line interface can be insecure.
ERROR 1045 (28000): Access denied for user 'root'@'localhost' (using password: YES)
Tue Mar 17 14:57:07 UTC 2026 - INFO - Processing payment...
mysql: [Warning] Using a password on the command line interface can be insecure.
ERROR 1045 (28000): Access denied for user 'root'@'localhost' (using password: YES)
Tue Mar 17 14:57:10 UTC 2026 - INFO - Processing payment...
mysql: [Warning] Using a password on the command line interface can be insecure.
ERROR 1045 (28000): Access denied for user 'root'@'localhost' (using password: YES)
Tue Mar 17 14:57:12 UTC 2026 - INFO - Processing payment...
mysql: [Warning] Using a password on the command line interface can be insecure.
ERROR 1045 (28000): Access denied for user 'root'@'localhost' (using password: YES)
Tue Mar 17 14:57:15 UTC 2026 - INFO - Processing payment...
mysql: [Warning] Using a password on the command line interface can be insecure.
ERROR 1045 (28000): Access denied for user 'root'@'localhost' (using password: YES)
Tue Mar 17 14:57:17 UTC 2026 - INFO - Processing payment...
mysql: [Warning] Using a password on the command line interface can be insecure.
ERROR 1045 (28000): Access denied for user 'root'@'localhost' (using password: YES)
Tue Mar 17 14:57:20 UTC 2026 - INFO - Processing payment...
mysql: [Warning] Using a password on the command line interface can be insecure.
ERROR 1045 (28000): Access denied for user 'root'@'localhost' (using password: YES)
Tue Mar 17 14:57:22 UTC 2026 - INFO - Processing payment...
mysql: [Warning] Using a password on the command line interface can be insecure.
ERROR 1045 (28000): Access denied for user 'root'@'localhost' (using password: YES)
Tue Mar 17 14:57:25 UTC 2026 - INFO - Processing payment...
mysql: [Warning] Using a password on the command line interface can be insecure.
ERROR 1045 (28000): Access denied for user 'root'@'localhost' (using password: YES)
Tue Mar 17 14:57:27 UTC 2026 - INFO - Processing payment...
mysql: [Warning] Using a password on the command line interface can be insecure.
ERROR 1045 (28000): Access denied for user 'root'@'localhost' (using password: YES)
Tue Mar 17 14:57:30 UTC 2026 - INFO - Processing payment...
mysql: [Warning] Using a password on the command line interface can be insecure.
ERROR 1045 (28000): Access denied for user 'root'@'localhost' (using password: YES)
Tue Mar 17 14:57:32 UTC 2026 - INFO - Processing payment...
mysql: [Warning] Using a password on the command line interface can be insecure.
ERROR 1045 (28000): Access denied for user 'root'@'localhost' (using password: YES)
Tue Mar 17 14:57:35 UTC 2026 - INFO - Processing payment...
mysql: [Warning] Using a password on the command line interface can be insecure.
ERROR 1045 (28000): Access denied for user 'root'@'localhost' (using password: YES)
Tue Mar 17 14:57:37 UTC 2026 - INFO - Processing payment...
mysql: [Warning] Using a password on the command line interface can be insecure.
ERROR 1045 (28000): Access denied for user 'root'@'localhost' (using password: YES)
Tue Mar 17 14:57:40 UTC 2026 - INFO - Processing payment...
mysql: [Warning] Using a password on the command line interface can be insecure.
ERROR 1045 (28000): Access denied for user 'root'@'localhost' (using password: YES)
Tue Mar 17 14:57:42 UTC 2026 - INFO - Processing payment...
mysql: [Warning] Using a password on the command line interface can be insecure.
ERROR 1045 (28000): Access denied for user 'root'@'localhost' (using password: YES)
Tue Mar 17 14:57:45 UTC 2026 - INFO - Processing payment...
mysql: [Warning] Using a password on the command line interface can be insecure.
ERROR 1045 (28000): Access denied for user 'root'@'localhost' (using password: YES)
Tue Mar 17 14:57:47 UTC 2026 - INFO - Processing payment...
mysql: [Warning] Using a password on the command line interface can be insecure.
ERROR 1045 (28000): Access denied for user 'root'@'localhost' (using password: YES)
Tue Mar 17 14:57:51 UTC 2026 - INFO - Processing payment...
mysql: [Warning] Using a password on the command line interface can be insecure.
ERROR 1045 (28000): Access denied for user 'root'@'localhost' (using password: YES)
Tue Mar 17 14:57:52 UTC 2026 - INFO - Processing payment...
mysql: [Warning] Using a password on the command line interface can be insecure.
ERROR 1045 (28000): Access denied for user 'root'@'localhost' (using password: YES)
Tue Mar 17 14:57:56 UTC 2026 - INFO - Processing payment...
mysql: [Warning] Using a password on the command line interface can be insecure.
ERROR 1045 (28000): Access denied for user 'root'@'localhost' (using password: YES)
Tue Mar 17 14:57:57 UTC 2026 - INFO - Processing payment...
mysql: [Warning] Using a password on the command line interface can be insecure.
ERROR 1045 (28000): Access denied for user 'root'@'localhost' (using password: YES)
Tue Mar 17 14:58:01 UTC 2026 - INFO - Processing payment...
mysql: [Warning] Using a password on the command line interface can be insecure.
ERROR 1045 (28000): Access denied for user 'root'@'localhost' (using password: YES)
Tue Mar 17 14:58:02 UTC 2026 - INFO - Processing payment...
mysql: [Warning] Using a password on the command line interface can be insecure.
ERROR 1045 (28000): Access denied for user 'root'@'localhost' (using password: YES)
Tue Mar 17 14:58:06 UTC 2026 - INFO - Processing payment...
mysql: [Warning] Using a password on the command line interface can be insecure.
ERROR 1045 (28000): Access denied for user 'root'@'localhost' (using password: YES)
Tue Mar 17 14:58:07 UTC 2026 - INFO - Processing payment...
mysql: [Warning] Using a password on the command line interface can be insecure.
ERROR 1045 (28000): Access denied for user 'root'@'localhost' (using password: YES)
Tue Mar 17 14:58:11 UTC 2026 - INFO - Processing payment...
mysql: [Warning] Using a password on the command line interface can be insecure.
ERROR 1045 (28000): Access denied for user 'root'@'localhost' (using password: YES)
Tue Mar 17 14:58:12 UTC 2026 - INFO - Processing payment...
mysql: [Warning] Using a password on the command line interface can be insecure.
ERROR 1045 (28000): Access denied for user 'root'@'localhost' (using password: YES)
Tue Mar 17 14:58:16 UTC 2026 - INFO - Processing payment...
mysql: [Warning] Using a password on the command line interface can be insecure.
ERROR 1045 (28000): Access denied for user 'root'@'localhost' (using password: YES)
Tue Mar 17 14:58:17 UTC 2026 - INFO - Processing payment...
mysql: [Warning] Using a password on the command line interface can be insecure.
ERROR 1045 (28000): Access denied for user 'root'@'localhost' (using password: YES)
Tue Mar 17 14:58:21 UTC 2026 - INFO - Processing payment...
mysql: [Warning] Using a password on the command line interface can be insecure.
ERROR 1045 (28000): Access denied for user 'root'@'localhost' (using password: YES)
Tue Mar 17 14:58:22 UTC 2026 - INFO - Processing payment...
mysql: [Warning] Using a password on the command line interface can be insecure.
ERROR 1045 (28000): Access denied for user 'root'@'localhost' (using password: YES)
Tue Mar 17 14:58:26 UTC 2026 - INFO - Processing payment...
mysql: [Warning] Using a password on the command line interface can be insecure.
ERROR 1045 (28000): Access denied for user 'root'@'localhost' (using password: YES)
Tue Mar 17 14:58:27 UTC 2026 - INFO - Processing payment...
mysql: [Warning] Using a password on the command line interface can be insecure.
ERROR 1045 (28000): Access denied for user 'root'@'localhost' (using password: YES)
Tue Mar 17 14:58:31 UTC 2026 - INFO - Processing payment...
mysql: [Warning] Using a password on the command line interface can be insecure.
ERROR 1045 (28000): Access denied for user 'root'@'localhost' (using password: YES)
Tue Mar 17 14:58:32 UTC 2026 - INFO - Processing payment...
mysql: [Warning] Using a password on the command line interface can be insecure.
ERROR 1045 (28000): Access denied for user 'root'@'localhost' (using password: YES)
Tue Mar 17 14:58:36 UTC 2026 - INFO - Processing payment...
mysql: [Warning] Using a password on the command line interface can be insecure.
ERROR 1045 (28000): Access denied for user 'root'@'localhost' (using password: YES)
Tue Mar 17 14:58:37 UTC 2026 - INFO - Processing payment...
mysql: [Warning] Using a password on the command line interface can be insecure.
ERROR 1045 (28000): Access denied for user 'root'@'localhost' (using password: YES)
Tue Mar 17 14:58:41 UTC 2026 - INFO - Processing payment...
mysql: [Warning] Using a password on the command line interface can be insecure.
ERROR 1045 (28000): Access denied for user 'root'@'localhost' (using password: YES)
Tue Mar 17 14:58:42 UTC 2026 - INFO - Processing payment...
mysql: [Warning] Using a password on the command line interface can be insecure.
ERROR 1045 (28000): Access denied for user 'root'@'localhost' (using password: YES)
Tue Mar 17 14:58:46 UTC 2026 - INFO - Processing payment...
mysql: [Warning] Using a password on the command line interface can be insecure.
ERROR 1045 (28000): Access denied for user 'root'@'localhost' (using password: YES)
Tue Mar 17 14:58:47 UTC 2026 - INFO - Processing payment...
mysql: [Warning] Using a password on the command line interface can be insecure.
ERROR 1045 (28000): Access denied for user 'root'@'localhost' (using password: YES)
Tue Mar 17 14:58:51 UTC 2026 - INFO - Processing payment...
mysql: [Warning] Using a password on the command line interface can be insecure.
ERROR 1045 (28000): Access denied for user 'root'@'localhost' (using password: YES)
Tue Mar 17 14:58:52 UTC 2026 - INFO - Processing payment...
mysql: [Warning] Using a password on the command line interface can be insecure.
ERROR 1045 (28000): Access denied for user 'root'@'localhost' (using password: YES)
Tue Mar 17 14:58:56 UTC 2026 - INFO - Processing payment...
mysql: [Warning] Using a password on the command line interface can be insecure.
ERROR 1045 (28000): Access denied for user 'root'@'localhost' (using password: YES)
Tue Mar 17 14:58:57 UTC 2026 - INFO - Processing payment...
mysql: [Warning] Using a password on the command line interface can be insecure.
ERROR 1045 (28000): Access denied for user 'root'@'localhost' (using password: YES)
Tue Mar 17 14:59:01 UTC 2026 - INFO - Processing payment...
mysql: [Warning] Using a password on the command line interface can be insecure.
ERROR 1045 (28000): Access denied for user 'root'@'localhost' (using password: YES)
Tue Mar 17 14:59:02 UTC 2026 - INFO - Processing payment...
mysql: [Warning] Using a password on the command line interface can be insecure.
ERROR 1045 (28000): Access denied for user 'root'@'localhost' (using password: YES)
Tue Mar 17 14:59:06 UTC 2026 - INFO - Processing payment...
mysql: [Warning] Using a password on the command line interface can be insecure.
ERROR 1045 (28000): Access denied for user 'root'@'localhost' (using password: YES)
Tue Mar 17 14:59:07 UTC 2026 - INFO - Processing payment...
mysql: [Warning] Using a password on the command line interface can be insecure.
ERROR 1045 (28000): Access denied for user 'root'@'localhost' (using password: YES)
Tue Mar 17 14:59:11 UTC 2026 - INFO - Processing payment...
mysql: [Warning] Using a password on the command line interface can be insecure.
ERROR 1045 (28000): Access denied for user 'root'@'localhost' (using password: YES)
Tue Mar 17 14:59:13 UTC 2026 - INFO - Processing payment...
mysql: [Warning] Using a password on the command line interface can be insecure.
ERROR 1045 (28000): Access denied for user 'root'@'localhost' (using password: YES)
Tue Mar 17 14:59:16 UTC 2026 - INFO - Processing payment...
mysql: [Warning] Using a password on the command line interface can be insecure.
ERROR 1045 (28000): Access denied for user 'root'@'localhost' (using password: YES)
Tue Mar 17 14:59:18 UTC 2026 - INFO - Processing payment...
mysql: [Warning] Using a password on the command line interface can be insecure.
ERROR 1045 (28000): Access denied for user 'root'@'localhost' (using password: YES)
Tue Mar 17 14:59:21 UTC 2026 - INFO - Processing payment...
mysql: [Warning] Using a password on the command line interface can be insecure.
ERROR 1045 (28000): Access denied for user 'root'@'localhost' (using password: YES)
Tue Mar 17 14:59:23 UTC 2026 - INFO - Processing payment...
mysql: [Warning] Using a password on the command line interface can be insecure.
ERROR 1045 (28000): Access denied for user 'root'@'localhost' (using password: YES)
Tue Mar 17 14:59:26 UTC 2026 - INFO - Processing payment...
mysql: [Warning] Using a password on the command line interface can be insecure.
ERROR 1045 (28000): Access denied for user 'root'@'localhost' (using password: YES)
Tue Mar 17 14:59:28 UTC 2026 - INFO - Processing payment...
mysql: [Warning] Using a password on the command line interface can be insecure.
ERROR 1045 (28000): Access denied for user 'root'@'localhost' (using password: YES)
Tue Mar 17 14:59:31 UTC 2026 - INFO - Processing payment...
mysql: [Warning] Using a password on the command line interface can be insecure.
ERROR 1045 (28000): Access denied for user 'root'@'localhost' (using password: YES)
Tue Mar 17 14:59:33 UTC 2026 - INFO - Processing payment...
mysql: [Warning] Using a password on the command line interface can be insecure.
ERROR 1045 (28000): Access denied for user 'root'@'localhost' (using password: YES)
Tue Mar 17 14:59:36 UTC 2026 - INFO - Processing payment...
mysql: [Warning] Using a password on the command line interface can be insecure.
ERROR 1045 (28000): Access denied for user 'root'@'localhost' (using password: YES)
Tue Mar 17 14:59:38 UTC 2026 - INFO - Processing payment...
mysql: [Warning] Using a password on the command line interface can be insecure.
ERROR 1045 (28000): Access denied for user 'root'@'localhost' (using password: YES)
Tue Mar 17 14:59:41 UTC 2026 - INFO - Processing payment...
mysql: [Warning] Using a password on the command line interface can be insecure.
ERROR 1045 (28000): Access denied for user 'root'@'localhost' (using password: YES)
Tue Mar 17 14:59:43 UTC 2026 - INFO - Processing payment...
mysql: [Warning] Using a password on the command line interface can be insecure.
ERROR 1045 (28000): Access denied for user 'root'@'localhost' (using password: YES)
Tue Mar 17 14:59:46 UTC 2026 - INFO - Processing payment...
mysql: [Warning] Using a password on the command line interface can be insecure.
ERROR 1045 (28000): Access denied for user 'root'@'localhost' (using password: YES)
Tue Mar 17 14:59:48 UTC 2026 - INFO - Processing payment...
mysql: [Warning] Using a password on the command line interface can be insecure.
ERROR 1045 (28000): Access denied for user 'root'@'localhost' (using password: YES)
Tue Mar 17 14:59:51 UTC 2026 - INFO - Processing payment...
mysql: [Warning] Using a password on the command line interface can be insecure.
ERROR 1045 (28000): Access denied for user 'root'@'localhost' (using password: YES)
Tue Mar 17 14:59:53 UTC 2026 - INFO - Processing payment...
mysql: [Warning] Using a password on the command line interface can be insecure.
ERROR 1045 (28000): Access denied for user 'root'@'localhost' (using password: YES)
Tue Mar 17 14:59:56 UTC 2026 - INFO - Processing payment...
mysql: [Warning] Using a password on the command line interface can be insecure.
ERROR 1045 (28000): Access denied for user 'root'@'localhost' (using password: YES)
Tue Mar 17 14:59:58 UTC 2026 - INFO - Processing payment...
mysql: [Warning] Using a password on the command line interface can be insecure.
ERROR 1045 (28000): Access denied for user 'root'@'localhost' (using password: YES)
Tue Mar 17 15:00:01 UTC 2026 - INFO - Processing payment...
mysql: [Warning] Using a password on the command line interface can be insecure.
ERROR 1045 (28000): Access denied for user 'root'@'localhost' (using password: YES)
Tue Mar 17 15:00:03 UTC 2026 - INFO - Processing payment...
mysql: [Warning] Using a password on the command line interface can be insecure.
ERROR 1045 (28000): Access denied for user 'root'@'localhost' (using password: YES)
Tue Mar 17 15:00:06 UTC 2026 - INFO - Processing payment...
mysql: [Warning] Using a password on the command line interface can be insecure.
ERROR 1045 (28000): Access denied for user 'root'@'localhost' (using password: YES)
Tue Mar 17 15:00:08 UTC 2026 - INFO - Processing payment...
mysql: [Warning] Using a password on the command line interface can be insecure.
ERROR 1045 (28000): Access denied for user 'root'@'localhost' (using password: YES)
Tue Mar 17 15:00:11 UTC 2026 - INFO - Processing payment...
mysql: [Warning] Using a password on the command line interface can be insecure.
ERROR 1045 (28000): Access denied for user 'root'@'localhost' (using password: YES)
Tue Mar 17 15:00:13 UTC 2026 - INFO - Processing payment...
mysql: [Warning] Using a password on the command line interface can be insecure.
ERROR 1045 (28000): Access denied for user 'root'@'localhost' (using password: YES)
Tue Mar 17 15:00:16 UTC 2026 - INFO - Processing payment...
mysql: [Warning] Using a password on the command line interface can be insecure.
ERROR 1045 (28000): Access denied for user 'root'@'localhost' (using password: YES)
Tue Mar 17 15:00:18 UTC 2026 - INFO - Processing payment...
mysql: [Warning] Using a password on the command line interface can be insecure.
ERROR 1045 (28000): Access denied for user 'root'@'localhost' (using password: YES)
Tue Mar 17 15:00:21 UTC 2026 - INFO - Processing payment...
mysql: [Warning] Using a password on the command line interface can be insecure.
ERROR 1045 (28000): Access denied for user 'root'@'localhost' (using password: YES)
Tue Mar 17 15:00:23 UTC 2026 - INFO - Processing payment...
mysql: [Warning] Using a password on the command line interface can be insecure.
ERROR 1045 (28000): Access denied for user 'root'@'localhost' (using password: YES)
Tue Mar 17 15:00:26 UTC 2026 - INFO - Processing payment...
mysql: [Warning] Using a password on the command line interface can be insecure.
ERROR 1045 (28000): Access denied for user 'root'@'localhost' (using password: YES)
Tue Mar 17 15:00:28 UTC 2026 - INFO - Processing payment...
mysql: [Warning] Using a password on the command line interface can be insecure.
ERROR 1045 (28000): Access denied for user 'root'@'localhost' (using password: YES)
Tue Mar 17 15:00:31 UTC 2026 - INFO - Processing payment...
mysql: [Warning] Using a password on the command line interface can be insecure.
ERROR 1045 (28000): Access denied for user 'root'@'localhost' (using password: YES)
Tue Mar 17 15:00:33 UTC 2026 - INFO - Processing payment...
mysql: [Warning] Using a password on the command line interface can be insecure.
ERROR 1045 (28000): Access denied for user 'root'@'localhost' (using password: YES)
Tue Mar 17 15:00:36 UTC 2026 - INFO - Processing payment...
mysql: [Warning] Using a password on the command line interface can be insecure.
ERROR 1045 (28000): Access denied for user 'root'@'localhost' (using password: YES)
Tue Mar 17 15:00:38 UTC 2026 - INFO - Processing payment...
mysql: [Warning] Using a password on the command line interface can be insecure.
ERROR 1045 (28000): Access denied for user 'root'@'localhost' (using password: YES)
Tue Mar 17 15:00:41 UTC 2026 - INFO - Processing payment...
mysql: [Warning] Using a password on the command line interface can be insecure.
ERROR 1045 (28000): Access denied for user 'root'@'localhost' (using password: YES)
Tue Mar 17 15:00:43 UTC 2026 - INFO - Processing payment...
mysql: [Warning] Using a password on the command line interface can be insecure.
ERROR 1045 (28000): Access denied for user 'root'@'localhost' (using password: YES)
Tue Mar 17 15:00:46 UTC 2026 - INFO - Processing payment...
mysql: [Warning] Using a password on the command line interface can be insecure.
ERROR 1045 (28000): Access denied for user 'root'@'localhost' (using password: YES)
Tue Mar 17 15:00:48 UTC 2026 - INFO - Processing payment...
mysql: [Warning] Using a password on the command line interface can be insecure.
ERROR 1045 (28000): Access denied for user 'root'@'localhost' (using password: YES)
Tue Mar 17 15:00:52 UTC 2026 - INFO - Processing payment...
mysql: [Warning] Using a password on the command line interface can be insecure.
ERROR 1045 (28000): Access denied for user 'root'@'localhost' (using password: YES)
Tue Mar 17 15:00:53 UTC 2026 - INFO - Processing payment...
mysql: [Warning] Using a password on the command line interface can be insecure.
ERROR 1045 (28000): Access denied for user 'root'@'localhost' (using password: YES)
Tue Mar 17 15:00:57 UTC 2026 - INFO - Processing payment...
mysql: [Warning] Using a password on the command line interface can be insecure.
ERROR 1045 (28000): Access denied for user 'root'@'localhost' (using password: YES)
Tue Mar 17 15:00:58 UTC 2026 - INFO - Processing payment...
mysql: [Warning] Using a password on the command line interface can be insecure.
ERROR 1045 (28000): Access denied for user 'root'@'localhost' (using password: YES)
Tue Mar 17 15:01:02 UTC 2026 - INFO - Processing payment...
mysql: [Warning] Using a password on the command line interface can be insecure.
ERROR 1045 (28000): Access denied for user 'root'@'localhost' (using password: YES)
Tue Mar 17 15:01:03 UTC 2026 - INFO - Processing payment...
mysql: [Warning] Using a password on the command line interface can be insecure.
ERROR 1045 (28000): Access denied for user 'root'@'localhost' (using password: YES)
Tue Mar 17 15:01:07 UTC 2026 - INFO - Processing payment...
mysql: [Warning] Using a password on the command line interface can be insecure.
ERROR 1045 (28000): Access denied for user 'root'@'localhost' (using password: YES)
Tue Mar 17 15:01:08 UTC 2026 - INFO - Processing payment...
mysql: [Warning] Using a password on the command line interface can be insecure.
ERROR 1045 (28000): Access denied for user 'root'@'localhost' (using password: YES)
Tue Mar 17 15:01:12 UTC 2026 - INFO - Processing payment...
mysql: [Warning] Using a password on the command line interface can be insecure.
ERROR 1045 (28000): Access denied for user 'root'@'localhost' (using password: YES)
Tue Mar 17 15:01:13 UTC 2026 - INFO - Processing payment...
mysql: [Warning] Using a password on the command line interface can be insecure.
ERROR 1045 (28000): Access denied for user 'root'@'localhost' (using password: YES)
Tue Mar 17 15:01:17 UTC 2026 - INFO - Processing payment...
mysql: [Warning] Using a password on the command line interface can be insecure.
ERROR 1045 (28000): Access denied for user 'root'@'localhost' (using password: YES)
Tue Mar 17 15:01:18 UTC 2026 - INFO - Processing payment...
mysql: [Warning] Using a password on the command line interface can be insecure.
ERROR 1045 (28000): Access denied for user 'root'@'localhost' (using password: YES)
Tue Mar 17 15:01:22 UTC 2026 - INFO - Processing payment...
mysql: [Warning] Using a password on the command line interface can be insecure.
ERROR 1045 (28000): Access denied for user 'root'@'localhost' (using password: YES)
Tue Mar 17 15:01:23 UTC 2026 - INFO - Processing payment...
mysql: [Warning] Using a password on the command line interface can be insecure.
ERROR 1045 (28000): Access denied for user 'root'@'localhost' (using password: YES)
Tue Mar 17 15:01:27 UTC 2026 - INFO - Processing payment...
mysql: [Warning] Using a password on the command line interface can be insecure.
ERROR 1045 (28000): Access denied for user 'root'@'localhost' (using password: YES)
Tue Mar 17 15:01:28 UTC 2026 - INFO - Processing payment...
mysql: [Warning] Using a password on the command line interface can be insecure.
ERROR 1045 (28000): Access denied for user 'root'@'localhost' (using password: YES)
Tue Mar 17 15:01:32 UTC 2026 - INFO - Processing payment...
mysql: [Warning] Using a password on the command line interface can be insecure.
ERROR 1045 (28000): Access denied for user 'root'@'localhost' (using password: YES)
Tue Mar 17 15:01:33 UTC 2026 - INFO - Processing payment...
mysql: [Warning] Using a password on the command line interface can be insecure.
ERROR 1045 (28000): Access denied for user 'root'@'localhost' (using password: YES)
Tue Mar 17 15:01:37 UTC 2026 - INFO - Processing payment...
mysql: [Warning] Using a password on the command line interface can be insecure.
ERROR 1045 (28000): Access denied for user 'root'@'localhost' (using password: YES)
Tue Mar 17 15:01:38 UTC 2026 - INFO - Processing payment...
mysql: [Warning] Using a password on the command line interface can be insecure.
ERROR 1045 (28000): Access denied for user 'root'@'localhost' (using password: YES)
Tue Mar 17 15:01:42 UTC 2026 - INFO - Processing payment...
mysql: [Warning] Using a password on the command line interface can be insecure.
ERROR 1045 (28000): Access denied for user 'root'@'localhost' (using password: YES)
Tue Mar 17 15:01:43 UTC 2026 - INFO - Processing payment...
mysql: [Warning] Using a password on the command line interface can be insecure.
ERROR 1045 (28000): Access denied for user 'root'@'localhost' (using password: YES)
Tue Mar 17 15:01:47 UTC 2026 - INFO - Processing payment...
mysql: [Warning] Using a password on the command line interface can be insecure.
ERROR 1045 (28000): Access denied for user 'root'@'localhost' (using password: YES)
Tue Mar 17 15:01:48 UTC 2026 - INFO - Processing payment...
mysql: [Warning] Using a password on the command line interface can be insecure.
ERROR 1045 (28000): Access denied for user 'root'@'localhost' (using password: YES)
Tue Mar 17 15:01:52 UTC 2026 - INFO - Processing payment...
mysql: [Warning] Using a password on the command line interface can be insecure.
ERROR 1045 (28000): Access denied for user 'root'@'localhost' (using password: YES)
Tue Mar 17 15:01:53 UTC 2026 - INFO - Processing payment...
mysql: [Warning] Using a password on the command line interface can be insecure.
ERROR 1045 (28000): Access denied for user 'root'@'localhost' (using password: YES)
Tue Mar 17 15:01:57 UTC 2026 - INFO - Processing payment...
mysql: [Warning] Using a password on the command line interface can be insecure.
ERROR 1045 (28000): Access denied for user 'root'@'localhost' (using password: YES)
Tue Mar 17 15:01:58 UTC 2026 - INFO - Processing payment...
mysql: [Warning] Using a password on the command line interface can be insecure.
ERROR 1045 (28000): Access denied for user 'root'@'localhost' (using password: YES)
Tue Mar 17 15:02:02 UTC 2026 - INFO - Processing payment...
mysql: [Warning] Using a password on the command line interface can be insecure.
ERROR 1045 (28000): Access denied for user 'root'@'localhost' (using password: YES)
Tue Mar 17 15:02:03 UTC 2026 - INFO - Processing payment...
mysql: [Warning] Using a password on the command line interface can be insecure.
ERROR 1045 (28000): Access denied for user 'root'@'localhost' (using password: YES)
Tue Mar 17 15:02:07 UTC 2026 - INFO - Processing payment...
mysql: [Warning] Using a password on the command line interface can be insecure.
ERROR 1045 (28000): Access denied for user 'root'@'localhost' (using password: YES)
Tue Mar 17 15:02:08 UTC 2026 - INFO - Processing payment...
mysql: [Warning] Using a password on the command line interface can be insecure.
ERROR 1045 (28000): Access denied for user 'root'@'localhost' (using password: YES)
Tue Mar 17 15:02:12 UTC 2026 - INFO - Processing payment...
mysql: [Warning] Using a password on the command line interface can be insecure.
ERROR 1045 (28000): Access denied for user 'root'@'localhost' (using password: YES)
Tue Mar 17 15:02:13 UTC 2026 - INFO - Processing payment...
mysql: [Warning] Using a password on the command line interface can be insecure.
ERROR 1045 (28000): Access denied for user 'root'@'localhost' (using password: YES)
Tue Mar 17 15:02:17 UTC 2026 - INFO - Processing payment...
mysql: [Warning] Using a password on the command line interface can be insecure.
ERROR 1045 (28000): Access denied for user 'root'@'localhost' (using password: YES)
Tue Mar 17 15:02:18 UTC 2026 - INFO - Processing payment...
mysql: [Warning] Using a password on the command line interface can be insecure.
ERROR 1045 (28000): Access denied for user 'root'@'localhost' (using password: YES)
Tue Mar 17 15:02:22 UTC 2026 - INFO - Processing payment...
mysql: [Warning] Using a password on the command line interface can be insecure.
ERROR 1045 (28000): Access denied for user 'root'@'localhost' (using password: YES)
Tue Mar 17 15:02:23 UTC 2026 - INFO - Processing payment...
mysql: [Warning] Using a password on the command line interface can be insecure.
ERROR 1045 (28000): Access denied for user 'root'@'localhost' (using password: YES)
Tue Mar 17 15:02:27 UTC 2026 - INFO - Processing payment...
mysql: [Warning] Using a password on the command line interface can be insecure.
ERROR 1045 (28000): Access denied for user 'root'@'localhost' (using password: YES)
Tue Mar 17 15:02:28 UTC 2026 - INFO - Processing payment...
mysql: [Warning] Using a password on the command line interface can be insecure.
ERROR 1045 (28000): Access denied for user 'root'@'localhost' (using password: YES)
Tue Mar 17 15:02:32 UTC 2026 - INFO - Processing payment...
mysql: [Warning] Using a password on the command line interface can be insecure.
ERROR 1045 (28000): Access denied for user 'root'@'localhost' (using password: YES)
Tue Mar 17 15:02:34 UTC 2026 - INFO - Processing payment...
mysql: [Warning] Using a password on the command line interface can be insecure.
ERROR 1045 (28000): Access denied for user 'root'@'localhost' (using password: YES)
Tue Mar 17 15:02:37 UTC 2026 - INFO - Processing payment...
mysql: [Warning] Using a password on the command line interface can be insecure.
ERROR 1045 (28000): Access denied for user 'root'@'localhost' (using password: YES)
Tue Mar 17 15:02:39 UTC 2026 - INFO - Processing payment...
mysql: [Warning] Using a password on the command line interface can be insecure.
ERROR 1045 (28000): Access denied for user 'root'@'localhost' (using password: YES)
Tue Mar 17 15:02:42 UTC 2026 - INFO - Processing payment...
mysql: [Warning] Using a password on the command line interface can be insecure.
ERROR 1045 (28000): Access denied for user 'root'@'localhost' (using password: YES)
Tue Mar 17 15:02:44 UTC 2026 - INFO - Processing payment...
mysql: [Warning] Using a password on the command line interface can be insecure.
ERROR 1045 (28000): Access denied for user 'root'@'localhost' (using password: YES)
Tue Mar 17 15:02:47 UTC 2026 - INFO - Processing payment...
mysql: [Warning] Using a password on the command line interface can be insecure.
ERROR 1045 (28000): Access denied for user 'root'@'localhost' (using password: YES)
Tue Mar 17 15:02:49 UTC 2026 - INFO - Processing payment...
mysql: [Warning] Using a password on the command line interface can be insecure.
ERROR 1045 (28000): Access denied for user 'root'@'localhost' (using password: YES)
Tue Mar 17 15:02:52 UTC 2026 - INFO - Processing payment...
mysql: [Warning] Using a password on the command line interface can be insecure.
ERROR 1045 (28000): Access denied for user 'root'@'localhost' (using password: YES)
Tue Mar 17 15:02:54 UTC 2026 - INFO - Processing payment...
mysql: [Warning] Using a password on the command line interface can be insecure.
ERROR 1045 (28000): Access denied for user 'root'@'localhost' (using password: YES)
Tue Mar 17 15:02:57 UTC 2026 - INFO - Processing payment...
mysql: [Warning] Using a password on the command line interface can be insecure.
ERROR 1045 (28000): Access denied for user 'root'@'localhost' (using password: YES)
Tue Mar 17 15:02:59 UTC 2026 - INFO - Processing payment...
mysql: [Warning] Using a password on the command line interface can be insecure.
ERROR 1045 (28000): Access denied for user 'root'@'localhost' (using password: YES)
Tue Mar 17 15:03:02 UTC 2026 - INFO - Processing payment...
mysql: [Warning] Using a password on the command line interface can be insecure.
ERROR 1045 (28000): Access denied for user 'root'@'localhost' (using password: YES)
Tue Mar 17 15:03:04 UTC 2026 - INFO - Processing payment...
mysql: [Warning] Using a password on the command line interface can be insecure.
ERROR 1045 (28000): Access denied for user 'root'@'localhost' (using password: YES)
Tue Mar 17 15:03:07 UTC 2026 - INFO - Processing payment...
mysql: [Warning] Using a password on the command line interface can be insecure.
ERROR 1045 (28000): Access denied for user 'root'@'localhost' (using password: YES)
Tue Mar 17 15:03:09 UTC 2026 - INFO - Processing payment...
mysql: [Warning] Using a password on the command line interface can be insecure.
ERROR 1045 (28000): Access denied for user 'root'@'localhost' (using password: YES)
Tue Mar 17 15:03:12 UTC 2026 - INFO - Processing payment...
mysql: [Warning] Using a password on the command line interface can be insecure.
ERROR 1045 (28000): Access denied for user 'root'@'localhost' (using password: YES)
Tue Mar 17 15:03:14 UTC 2026 - INFO - Processing payment...
mysql: [Warning] Using a password on the command line interface can be insecure.
ERROR 1045 (28000): Access denied for user 'root'@'localhost' (using password: YES)
Tue Mar 17 15:03:17 UTC 2026 - INFO - Processing payment...
mysql: [Warning] Using a password on the command line interface can be insecure.
ERROR 1045 (28000): Access denied for user 'root'@'localhost' (using password: YES)
Tue Mar 17 15:03:19 UTC 2026 - INFO - Processing payment...
mysql: [Warning] Using a password on the command line interface can be insecure.
ERROR 1045 (28000): Access denied for user 'root'@'localhost' (using password: YES)
Tue Mar 17 15:03:23 UTC 2026 - INFO - Processing payment...
mysql: [Warning] Using a password on the command line interface can be insecure.
ERROR 1045 (28000): Access denied for user 'root'@'localhost' (using password: YES)
Tue Mar 17 15:03:24 UTC 2026 - INFO - Processing payment...
mysql: [Warning] Using a password on the command line interface can be insecure.
ERROR 1045 (28000): Access denied for user 'root'@'localhost' (using password: YES)
Tue Mar 17 15:03:28 UTC 2026 - INFO - Processing payment...
mysql: [Warning] Using a password on the command line interface can be insecure.
ERROR 1045 (28000): Access denied for user 'root'@'localhost' (using password: YES)
Tue Mar 17 15:03:29 UTC 2026 - INFO - Processing payment...
mysql: [Warning] Using a password on the command line interface can be insecure.
ERROR 1045 (28000): Access denied for user 'root'@'localhost' (using password: YES)
Tue Mar 17 15:03:33 UTC 2026 - INFO - Processing payment...
mysql: [Warning] Using a password on the command line interface can be insecure.
ERROR 1045 (28000): Access denied for user 'root'@'localhost' (using password: YES)
Tue Mar 17 15:03:34 UTC 2026 - INFO - Processing payment...
mysql: [Warning] Using a password on the command line interface can be insecure.
ERROR 1045 (28000): Access denied for user 'root'@'localhost' (using password: YES)
Tue Mar 17 15:03:38 UTC 2026 - INFO - Processing payment...
mysql: [Warning] Using a password on the command line interface can be insecure.
ERROR 1045 (28000): Access denied for user 'root'@'localhost' (using password: YES)
Tue Mar 17 15:03:39 UTC 2026 - INFO - Processing payment...
mysql: [Warning] Using a password on the command line interface can be insecure.
ERROR 1045 (28000): Access denied for user 'root'@'localhost' (using password: YES)
Tue Mar 17 15:03:43 UTC 2026 - INFO - Processing payment...
mysql: [Warning] Using a password on the command line interface can be insecure.
ERROR 1045 (28000): Access denied for user 'root'@'localhost' (using password: YES)
Tue Mar 17 15:03:44 UTC 2026 - INFO - Processing payment...
mysql: [Warning] Using a password on the command line interface can be insecure.
ERROR 1045 (28000): Access denied for user 'root'@'localhost' (using password: YES)
Tue Mar 17 15:03:48 UTC 2026 - INFO - Processing payment...
mysql: [Warning] Using a password on the command line interface can be insecure.
ERROR 1045 (28000): Access denied for user 'root'@'localhost' (using password: YES)
Tue Mar 17 15:03:49 UTC 2026 - INFO - Processing payment...
mysql: [Warning] Using a password on the command line interface can be insecure.
ERROR 1045 (28000): Access denied for user 'root'@'localhost' (using password: YES)
Tue Mar 17 15:03:53 UTC 2026 - INFO - Processing payment...
mysql: [Warning] Using a password on the command line interface can be insecure.
ERROR 1045 (28000): Access denied for user 'root'@'localhost' (using password: YES)
Tue Mar 17 15:03:54 UTC 2026 - INFO - Processing payment...
mysql: [Warning] Using a password on the command line interface can be insecure.
ERROR 1045 (28000): Access denied for user 'root'@'localhost' (using password: YES)
Tue Mar 17 15:03:58 UTC 2026 - INFO - Processing payment...
mysql: [Warning] Using a password on the command line interface can be insecure.
ERROR 1045 (28000): Access denied for user 'root'@'localhost' (using password: YES)
Tue Mar 17 15:03:59 UTC 2026 - INFO - Processing payment...
mysql: [Warning] Using a password on the command line interface can be insecure.
ERROR 1045 (28000): Access denied for user 'root'@'localhost' (using password: YES)
Tue Mar 17 15:04:03 UTC 2026 - INFO - Processing payment...
mysql: [Warning] Using a password on the command line interface can be insecure.
ERROR 1045 (28000): Access denied for user 'root'@'localhost' (using password: YES)
Tue Mar 17 15:04:04 UTC 2026 - INFO - Processing payment...
mysql: [Warning] Using a password on the command line interface can be insecure.
ERROR 1045 (28000): Access denied for user 'root'@'localhost' (using password: YES)
Tue Mar 17 15:04:08 UTC 2026 - INFO - Processing payment...
mysql: [Warning] Using a password on the command line interface can be insecure.
ERROR 1045 (28000): Access denied for user 'root'@'localhost' (using password: YES)
Tue Mar 17 15:04:09 UTC 2026 - INFO - Processing payment...
mysql: [Warning] Using a password on the command line interface can be insecure.
ERROR 1045 (28000): Access denied for user 'root'@'localhost' (using password: YES)
Tue Mar 17 15:04:13 UTC 2026 - INFO - Processing payment...
mysql: [Warning] Using a password on the command line interface can be insecure.
ERROR 1045 (28000): Access denied for user 'root'@'localhost' (using password: YES)
Tue Mar 17 15:04:14 UTC 2026 - INFO - Processing payment...
mysql: [Warning] Using a password on the command line interface can be insecure.
ERROR 1045 (28000): Access denied for user 'root'@'localhost' (using password: YES)
Tue Mar 17 15:04:18 UTC 2026 - INFO - Processing payment...
mysql: [Warning] Using a password on the command line interface can be insecure.
ERROR 1045 (28000): Access denied for user 'root'@'localhost' (using password: YES)
Tue Mar 17 15:04:19 UTC 2026 - INFO - Processing payment...
mysql: [Warning] Using a password on the command line interface can be insecure.
ERROR 1045 (28000): Access denied for user 'root'@'localhost' (using password: YES)
Tue Mar 17 15:04:23 UTC 2026 - INFO - Processing payment...
mysql: [Warning] Using a password on the command line interface can be insecure.
ERROR 1045 (28000): Access denied for user 'root'@'localhost' (using password: YES)
Tue Mar 17 15:04:24 UTC 2026 - INFO - Processing payment...
mysql: [Warning] Using a password on the command line interface can be insecure.
ERROR 1045 (28000): Access denied for user 'root'@'localhost' (using password: YES)
Tue Mar 17 15:04:28 UTC 2026 - INFO - Processing payment...
mysql: [Warning] Using a password on the command line interface can be insecure.
ERROR 1045 (28000): Access denied for user 'root'@'localhost' (using password: YES)
Tue Mar 17 15:04:29 UTC 2026 - INFO - Processing payment...
mysql: [Warning] Using a password on the command line interface can be insecure.
ERROR 1045 (28000): Access denied for user 'root'@'localhost' (using password: YES)
Tue Mar 17 15:04:33 UTC 2026 - INFO - Processing payment...
mysql: [Warning] Using a password on the command line interface can be insecure.
ERROR 1045 (28000): Access denied for user 'root'@'localhost' (using password: YES)
Tue Mar 17 15:04:34 UTC 2026 - INFO - Processing payment...
mysql: [Warning] Using a password on the command line interface can be insecure.
ERROR 1045 (28000): Access denied for user 'root'@'localhost' (using password: YES)
Tue Mar 17 15:04:38 UTC 2026 - INFO - Processing payment...
mysql: [Warning] Using a password on the command line interface can be insecure.
ERROR 1045 (28000): Access denied for user 'root'@'localhost' (using password: YES)
Tue Mar 17 15:04:39 UTC 2026 - INFO - Processing payment...
mysql: [Warning] Using a password on the command line interface can be insecure.
ERROR 1045 (28000): Access denied for user 'root'@'localhost' (using password: YES)
Tue Mar 17 15:04:43 UTC 2026 - INFO - Processing payment...
mysql: [Warning] Using a password on the command line interface can be insecure.
ERROR 1045 (28000): Access denied for user 'root'@'localhost' (using password: YES)
Tue Mar 17 15:04:44 UTC 2026 - INFO - Processing payment...
mysql: [Warning] Using a password on the command line interface can be insecure.
ERROR 1045 (28000): Access denied for user 'root'@'localhost' (using password: YES)
Tue Mar 17 15:04:48 UTC 2026 - INFO - Processing payment...
mysql: [Warning] Using a password on the command line interface can be insecure.
ERROR 1045 (28000): Access denied for user 'root'@'localhost' (using password: YES)
Tue Mar 17 15:04:49 UTC 2026 - INFO - Processing payment...
mysql: [Warning] Using a password on the command line interface can be insecure.
ERROR 1045 (28000): Access denied for user 'root'@'localhost' (using password: YES)
Tue Mar 17 15:04:53 UTC 2026 - INFO - Processing payment...
mysql: [Warning] Using a password on the command line interface can be insecure.
ERROR 1045 (28000): Access denied for user 'root'@'localhost' (using password: YES)
Tue Mar 17 15:04:54 UTC 2026 - INFO - Processing payment...
mysql: [Warning] Using a password on the command line interface can be insecure.
ERROR 1045 (28000): Access denied for user 'root'@'localhost' (using password: YES)
Tue Mar 17 15:04:58 UTC 2026 - INFO - Processing payment...
mysql: [Warning] Using a password on the command line interface can be insecure.
ERROR 1045 (28000): Access denied for user 'root'@'localhost' (using password: YES)
Tue Mar 17 15:04:59 UTC 2026 - INFO - Processing payment...
mysql: [Warning] Using a password on the command line interface can be insecure.
ERROR 1045 (28000): Access denied for user 'root'@'localhost' (using password: YES)
Tue Mar 17 15:05:03 UTC 2026 - INFO - Processing payment...
mysql: [Warning] Using a password on the command line interface can be insecure.
ERROR 1045 (28000): Access denied for user 'root'@'localhost' (using password: YES)
Tue Mar 17 15:05:04 UTC 2026 - INFO - Processing payment...
mysql: [Warning] Using a password on the command line interface can be insecure.
ERROR 1045 (28000): Access denied for user 'root'@'localhost' (using password: YES)
Tue Mar 17 15:05:08 UTC 2026 - INFO - Processing payment...
mysql: [Warning] Using a password on the command line interface can be insecure.
ERROR 1045 (28000): Access denied for user 'root'@'localhost' (using password: YES)
Tue Mar 17 15:05:09 UTC 2026 - INFO - Processing payment...
mysql: [Warning] Using a password on the command line interface can be insecure.
ERROR 1045 (28000): Access denied for user 'root'@'localhost' (using password: YES)
Tue Mar 17 15:05:13 UTC 2026 - INFO - Processing payment...
mysql: [Warning] Using a password on the command line interface can be insecure.
ERROR 1045 (28000): Access denied for user 'root'@'localhost' (using password: YES)
Tue Mar 17 15:05:15 UTC 2026 - INFO - Processing payment...
mysql: [Warning] Using a password on the command line interface can be insecure.
ERROR 1045 (28000): Access denied for user 'root'@'localhost' (using password: YES)
Tue Mar 17 15:05:18 UTC 2026 - INFO - Processing payment...
mysql: [Warning] Using a password on the command line interface can be insecure.
ERROR 1045 (28000): Access denied for user 'root'@'localhost' (using password: YES)
Tue Mar 17 15:05:20 UTC 2026 - INFO - Processing payment...
mysql: [Warning] Using a password on the command line interface can be insecure.
ERROR 1045 (28000): Access denied for user 'root'@'localhost' (using password: YES)
Tue Mar 17 15:05:23 UTC 2026 - INFO - Processing payment...
mysql: [Warning] Using a password on the command line interface can be insecure.
ERROR 1045 (28000): Access denied for user 'root'@'localhost' (using password: YES)
Tue Mar 17 15:05:25 UTC 2026 - INFO - Processing payment...
mysql: [Warning] Using a password on the command line interface can be insecure.
ERROR 1045 (28000): Access denied for user 'root'@'localhost' (using password: YES)
Tue Mar 17 15:05:28 UTC 2026 - INFO - Processing payment...
mysql: [Warning] Using a password on the command line interface can be insecure.
ERROR 1045 (28000): Access denied for user 'root'@'localhost' (using password: YES)
Tue Mar 17 15:05:30 UTC 2026 - INFO - Processing payment...
mysql: [Warning] Using a password on the command line interface can be insecure.
ERROR 1045 (28000): Access denied for user 'root'@'localhost' (using password: YES)
Tue Mar 17 15:05:33 UTC 2026 - INFO - Processing payment...
mysql: [Warning] Using a password on the command line interface can be insecure.
ERROR 1045 (28000): Access denied for user 'root'@'localhost' (using password: YES)
Tue Mar 17 15:05:35 UTC 2026 - INFO - Processing payment...
mysql: [Warning] Using a password on the command line interface can be insecure.
ERROR 1045 (28000): Access denied for user 'root'@'localhost' (using password: YES)
Tue Mar 17 15:05:38 UTC 2026 - INFO - Processing payment...
mysql: [Warning] Using a password on the command line interface can be insecure.
ERROR 1045 (28000): Access denied for user 'root'@'localhost' (using password: YES)
Tue Mar 17 15:05:40 UTC 2026 - INFO - Processing payment...
mysql: [Warning] Using a password on the command line interface can be insecure.
ERROR 1045 (28000): Access denied for user 'root'@'localhost' (using password: YES)
Tue Mar 17 15:05:43 UTC 2026 - INFO - Processing payment...
mysql: [Warning] Using a password on the command line interface can be insecure.
ERROR 1045 (28000): Access denied for user 'root'@'localhost' (using password: YES)
Tue Mar 17 15:05:45 UTC 2026 - INFO - Processing payment...
mysql: [Warning] Using a password on the command line interface can be insecure.
ERROR 1045 (28000): Access denied for user 'root'@'localhost' (using password: YES)
Tue Mar 17 15:05:48 UTC 2026 - INFO - Processing payment...
mysql: [Warning] Using a password on the command line interface can be insecure.
ERROR 1045 (28000): Access denied for user 'root'@'localhost' (using password: YES)
Tue Mar 17 15:05:50 UTC 2026 - INFO - Processing payment...
mysql: [Warning] Using a password on the command line interface can be insecure.
ERROR 1045 (28000): Access denied for user 'root'@'localhost' (using password: YES)
Tue Mar 17 15:05:53 UTC 2026 - INFO - Processing payment...
mysql: [Warning] Using a password on the command line interface can be insecure.
ERROR 1045 (28000): Access denied for user 'root'@'localhost' (using password: YES)
Tue Mar 17 15:05:55 UTC 2026 - INFO - Processing payment...
mysql: [Warning] Using a password on the command line interface can be insecure.
ERROR 1045 (28000): Access denied for user 'root'@'localhost' (using password: YES)
Tue Mar 17 15:05:58 UTC 2026 - INFO - Processing payment...
mysql: [Warning] Using a password on the command line interface can be insecure.
ERROR 1045 (28000): Access denied for user 'root'@'localhost' (using password: YES)
Tue Mar 17 15:06:00 UTC 2026 - INFO - Processing payment...
mysql: [Warning] Using a password on the command line interface can be insecure.
ERROR 1045 (28000): Access denied for user 'root'@'localhost' (using password: YES)
Tue Mar 17 15:06:03 UTC 2026 - INFO - Processing payment...
mysql: [Warning] Using a password on the command line interface can be insecure.
ERROR 1045 (28000): Access denied for user 'root'@'localhost' (using password: YES)
Tue Mar 17 15:06:05 UTC 2026 - INFO - Processing payment...
mysql: [Warning] Using a password on the command line interface can be insecure.
ERROR 1045 (28000): Access denied for user 'root'@'localhost' (using password: YES)
Tue Mar 17 15:06:08 UTC 2026 - INFO - Processing payment...
mysql: [Warning] Using a password on the command line interface can be insecure.
ERROR 1045 (28000): Access denied for user 'root'@'localhost' (using password: YES)
Tue Mar 17 15:06:10 UTC 2026 - INFO - Processing payment...
mysql: [Warning] Using a password on the command line interface can be insecure.
ERROR 1045 (28000): Access denied for user 'root'@'localhost' (using password: YES)
Tue Mar 17 15:06:14 UTC 2026 - INFO - Processing payment...
mysql: [Warning] Using a password on the command line interface can be insecure.
ERROR 1045 (28000): Access denied for user 'root'@'localhost' (using password: YES)
Tue Mar 17 15:06:15 UTC 2026 - INFO - Processing payment...
mysql: [Warning] Using a password on the command line interface can be insecure.
ERROR 1045 (28000): Access denied for user 'root'@'localhost' (using password: YES)
Tue Mar 17 15:06:19 UTC 2026 - INFO - Processing payment...
mysql: [Warning] Using a password on the command line interface can be insecure.
ERROR 1045 (28000): Access denied for user 'root'@'localhost' (using password: YES)
Tue Mar 17 15:06:20 UTC 2026 - INFO - Processing payment...
mysql: [Warning] Using a password on the command line interface can be insecure.
ERROR 1045 (28000): Access denied for user 'root'@'localhost' (using password: YES)
Tue Mar 17 15:06:24 UTC 2026 - INFO - Processing payment...
mysql: [Warning] Using a password on the command line interface can be insecure.
ERROR 1045 (28000): Access denied for user 'root'@'localhost' (using password: YES)
Tue Mar 17 15:06:25 UTC 2026 - INFO - Processing payment...
mysql: [Warning] Using a password on the command line interface can be insecure.
ERROR 1045 (28000): Access denied for user 'root'@'localhost' (using password: YES)
Tue Mar 17 15:06:29 UTC 2026 - INFO - Processing payment...
mysql: [Warning] Using a password on the command line interface can be insecure.
ERROR 1045 (28000): Access denied for user 'root'@'localhost' (using password: YES)
Tue Mar 17 15:06:30 UTC 2026 - INFO - Processing payment...
mysql: [Warning] Using a password on the command line interface can be insecure.
ERROR 1045 (28000): Access denied for user 'root'@'localhost' (using password: YES)
Tue Mar 17 15:06:34 UTC 2026 - INFO - Processing payment...
mysql: [Warning] Using a password on the command line interface can be insecure.
ERROR 1045 (28000): Access denied for user 'root'@'localhost' (using password: YES)
Tue Mar 17 15:06:35 UTC 2026 - INFO - Processing payment...
mysql: [Warning] Using a password on the command line interface can be insecure.
ERROR 1045 (28000): Access denied for user 'root'@'localhost' (using password: YES)
Tue Mar 17 15:06:39 UTC 2026 - INFO - Processing payment...
mysql: [Warning] Using a password on the command line interface can be insecure.
ERROR 1045 (28000): Access denied for user 'root'@'localhost' (using password: YES)
Tue Mar 17 15:06:40 UTC 2026 - INFO - Processing payment...
mysql: [Warning] Using a password on the command line interface can be insecure.
ERROR 1045 (28000): Access denied for user 'root'@'localhost' (using password: YES)
Tue Mar 17 15:06:44 UTC 2026 - INFO - Processing payment...
mysql: [Warning] Using a password on the command line interface can be insecure.
ERROR 1045 (28000): Access denied for user 'root'@'localhost' (using password: YES)
Tue Mar 17 15:06:45 UTC 2026 - INFO - Processing payment...
mysql: [Warning] Using a password on the command line interface can be insecure.
ERROR 1045 (28000): Access denied for user 'root'@'localhost' (using password: YES)
Tue Mar 17 15:06:49 UTC 2026 - INFO - Processing payment...
mysql: [Warning] Using a password on the command line interface can be insecure.
ERROR 1045 (28000): Access denied for user 'root'@'localhost' (using password: YES)
Tue Mar 17 15:06:50 UTC 2026 - INFO - Processing payment...
mysql: [Warning] Using a password on the command line interface can be insecure.
ERROR 1045 (28000): Access denied for user 'root'@'localhost' (using password: YES)
Tue Mar 17 15:06:54 UTC 2026 - INFO - Processing payment...
mysql: [Warning] Using a password on the command line interface can be insecure.
ERROR 1045 (28000): Access denied for user 'root'@'localhost' (using password: YES)
Tue Mar 17 15:06:55 UTC 2026 - INFO - Processing payment...
mysql: [Warning] Using a password on the command line interface can be insecure.
ERROR 1045 (28000): Access denied for user 'root'@'localhost' (using password: YES)
Tue Mar 17 15:06:59 UTC 2026 - INFO - Processing payment...
mysql: [Warning] Using a password on the command line interface can be insecure.
ERROR 1045 (28000): Access denied for user 'root'@'localhost' (using password: YES)
Tue Mar 17 15:07:00 UTC 2026 - INFO - Processing payment...
mysql: [Warning] Using a password on the command line interface can be insecure.
ERROR 1045 (28000): Access denied for user 'root'@'localhost' (using password: YES)
Tue Mar 17 15:07:04 UTC 2026 - INFO - Processing payment...
mysql: [Warning] Using a password on the command line interface can be insecure.
ERROR 1045 (28000): Access denied for user 'root'@'localhost' (using password: YES)
Tue Mar 17 15:07:05 UTC 2026 - INFO - Processing payment...
mysql: [Warning] Using a password on the command line interface can be insecure.
ERROR 1045 (28000): Access denied for user 'root'@'localhost' (using password: YES)
Tue Mar 17 15:07:09 UTC 2026 - INFO - Processing payment...
mysql: [Warning] Using a password on the command line interface can be insecure.
ERROR 1045 (28000): Access denied for user 'root'@'localhost' (using password: YES)
Tue Mar 17 15:07:10 UTC 2026 - INFO - Processing payment...
mysql: [Warning] Using a password on the command line interface can be insecure.
ERROR 1045 (28000): Access denied for user 'root'@'localhost' (using password: YES)
Tue Mar 17 15:07:14 UTC 2026 - INFO - Processing payment...
mysql: [Warning] Using a password on the command line interface can be insecure.
ERROR 1045 (28000): Access denied for user 'root'@'localhost' (using password: YES)
Tue Mar 17 15:07:15 UTC 2026 - INFO - Processing payment...
mysql: [Warning] Using a password on the command line interface can be insecure.
ERROR 1045 (28000): Access denied for user 'root'@'localhost' (using password: YES)
Tue Mar 17 15:07:19 UTC 2026 - INFO - Processing payment...
mysql: [Warning] Using a password on the command line interface can be insecure.
ERROR 1045 (28000): Access denied for user 'root'@'localhost' (using password: YES)
Tue Mar 17 15:07:20 UTC 2026 - INFO - Processing payment...
mysql: [Warning] Using a password on the command line interface can be insecure.
ERROR 1045 (28000): Access denied for user 'root'@'localhost' (using password: YES)
Tue Mar 17 15:07:24 UTC 2026 - INFO - Processing payment...
mysql: [Warning] Using a password on the command line interface can be insecure.
ERROR 1045 (28000): Access denied for user 'root'@'localhost' (using password: YES)
Tue Mar 17 15:07:25 UTC 2026 - INFO - Processing payment...
mysql: [Warning] Using a password on the command line interface can be insecure.
ERROR 1045 (28000): Access denied for user 'root'@'localhost' (using password: YES)
Tue Mar 17 15:07:29 UTC 2026 - INFO - Processing payment...
mysql: [Warning] Using a password on the command line interface can be insecure.
ERROR 1045 (28000): Access denied for user 'root'@'localhost' (using password: YES)
Tue Mar 17 15:07:30 UTC 2026 - INFO - Processing payment...
mysql: [Warning] Using a password on the command line interface can be insecure.
ERROR 1045 (28000): Access denied for user 'root'@'localhost' (using password: YES)
Tue Mar 17 15:07:34 UTC 2026 - INFO - Processing payment...
mysql: [Warning] Using a password on the command line interface can be insecure.
ERROR 1045 (28000): Access denied for user 'root'@'localhost' (using password: YES)
Tue Mar 17 15:07:35 UTC 2026 - INFO - Processing payment...
mysql: [Warning] Using a password on the command line interface can be insecure.
ERROR 1045 (28000): Access denied for user 'root'@'localhost' (using password: YES)
Tue Mar 17 15:07:39 UTC 2026 - INFO - Processing payment...
mysql: [Warning] Using a password on the command line interface can be insecure.
ERROR 1045 (28000): Access denied for user 'root'@'localhost' (using password: YES)
Tue Mar 17 15:07:40 UTC 2026 - INFO - Processing payment...
mysql: [Warning] Using a password on the command line interface can be insecure.
ERROR 1045 (28000): Access denied for user 'root'@'localhost' (using password: YES)
Tue Mar 17 15:07:44 UTC 2026 - INFO - Processing payment...
mysql: [Warning] Using a password on the command line interface can be insecure.
ERROR 1045 (28000): Access denied for user 'root'@'localhost' (using password: YES)
Tue Mar 17 15:07:45 UTC 2026 - INFO - Processing payment...
mysql: [Warning] Using a password on the command line interface can be insecure.
ERROR 1045 (28000): Access denied for user 'root'@'localhost' (using password: YES)
Tue Mar 17 15:07:49 UTC 2026 - INFO - Processing payment...
mysql: [Warning] Using a password on the command line interface can be insecure.
ERROR 1045 (28000): Access denied for user 'root'@'localhost' (using password: YES)
Tue Mar 17 15:07:50 UTC 2026 - INFO - Processing payment...
mysql: [Warning] Using a password on the command line interface can be insecure.
ERROR 1045 (28000): Access denied for user 'root'@'localhost' (using password: YES)
Tue Mar 17 15:07:54 UTC 2026 - INFO - Processing payment...
mysql: [Warning] Using a password on the command line interface can be insecure.
ERROR 1045 (28000): Access denied for user 'root'@'localhost' (using password: YES)
Tue Mar 17 15:07:56 UTC 2026 - INFO - Processing payment...
mysql: [Warning] Using a password on the command line interface can be insecure.
ERROR 1045 (28000): Access denied for user 'root'@'localhost' (using password: YES)
Tue Mar 17 15:07:59 UTC 2026 - INFO - Processing payment...
mysql: [Warning] Using a password on the command line interface can be insecure.
ERROR 1045 (28000): Access denied for user 'root'@'localhost' (using password: YES)
Tue Mar 17 15:08:01 UTC 2026 - INFO - Processing payment...
mysql: [Warning] Using a password on the command line interface can be insecure.
ERROR 1045 (28000): Access denied for user 'root'@'localhost' (using password: YES)
Tue Mar 17 15:08:04 UTC 2026 - INFO - Processing payment...
mysql: [Warning] Using a password on the command line interface can be insecure.
ERROR 1045 (28000): Access denied for user 'root'@'localhost' (using password: YES)
Tue Mar 17 15:08:06 UTC 2026 - INFO - Processing payment...
mysql: [Warning] Using a password on the command line interface can be insecure.
ERROR 1045 (28000): Access denied for user 'root'@'localhost' (using password: YES)
Tue Mar 17 15:08:09 UTC 2026 - INFO - Processing payment...
mysql: [Warning] Using a password on the command line interface can be insecure.
ERROR 1045 (28000): Access denied for user 'root'@'localhost' (using password: YES)
Tue Mar 17 15:08:11 UTC 2026 - INFO - Processing payment...
mysql: [Warning] Using a password on the command line interface can be insecure.
ERROR 1045 (28000): Access denied for user 'root'@'localhost' (using password: YES)
Tue Mar 17 15:08:14 UTC 2026 - INFO - Processing payment...
mysql: [Warning] Using a password on the command line interface can be insecure.
ERROR 1045 (28000): Access denied for user 'root'@'localhost' (using password: YES)
Tue Mar 17 15:08:16 UTC 2026 - INFO - Processing payment...
mysql: [Warning] Using a password on the command line interface can be insecure.
ERROR 1045 (28000): Access denied for user 'root'@'localhost' (using password: YES)
Tue Mar 17 15:08:19 UTC 2026 - INFO - Processing payment...
mysql: [Warning] Using a password on the command line interface can be insecure.
ERROR 1045 (28000): Access denied for user 'root'@'localhost' (using password: YES)
Tue Mar 17 15:08:21 UTC 2026 - INFO - Processing payment...
mysql: [Warning] Using a password on the command line interface can be insecure.
ERROR 1045 (28000): Access denied for user 'root'@'localhost' (using password: YES)
Tue Mar 17 15:08:25 UTC 2026 - INFO - Processing payment...
mysql: [Warning] Using a password on the command line interface can be insecure.
ERROR 1045 (28000): Access denied for user 'root'@'localhost' (using password: YES)
Tue Mar 17 15:08:26 UTC 2026 - INFO - Processing payment...
mysql: [Warning] Using a password on the command line interface can be insecure.
ERROR 1045 (28000): Access denied for user 'root'@'localhost' (using password: YES)
Tue Mar 17 15:08:30 UTC 2026 - INFO - Processing payment...
mysql: [Warning] Using a password on the command line interface can be insecure.
ERROR 1045 (28000): Access denied for user 'root'@'localhost' (using password: YES)
Tue Mar 17 15:08:31 UTC 2026 - INFO - Processing payment...
mysql: [Warning] Using a password on the command line interface can be insecure.
ERROR 1045 (28000): Access denied for user 'root'@'localhost' (using password: YES)
Tue Mar 17 15:08:35 UTC 2026 - INFO - Processing payment...
mysql: [Warning] Using a password on the command line interface can be insecure.
ERROR 1045 (28000): Access denied for user 'root'@'localhost' (using password: YES)
Tue Mar 17 15:08:36 UTC 2026 - INFO - Processing payment...
mysql: [Warning] Using a password on the command line interface can be insecure.
ERROR 1045 (28000): Access denied for user 'root'@'localhost' (using password: YES)
Tue Mar 17 15:08:40 UTC 2026 - INFO - Processing payment...
mysql: [Warning] Using a password on the command line interface can be insecure.
ERROR 1045 (28000): Access denied for user 'root'@'localhost' (using password: YES)
Tue Mar 17 15:08:41 UTC 2026 - INFO - Processing payment...
mysql: [Warning] Using a password on the command line interface can be insecure.
ERROR 1045 (28000): Access denied for user 'root'@'localhost' (using password: YES)
Tue Mar 17 15:08:45 UTC 2026 - INFO - Processing payment...
mysql: [Warning] Using a password on the command line interface can be insecure.
ERROR 1045 (28000): Access denied for user 'root'@'localhost' (using password: YES)
Tue Mar 17 15:08:46 UTC 2026 - INFO - Processing payment...
mysql: [Warning] Using a password on the command line interface can be insecure.
ERROR 1045 (28000): Access denied for user 'root'@'localhost' (using password: YES)
Tue Mar 17 15:08:50 UTC 2026 - INFO - Processing payment...
mysql: [Warning] Using a password on the command line interface can be insecure.
ERROR 1045 (28000): Access denied for user 'root'@'localhost' (using password: YES)
Tue Mar 17 15:08:51 UTC 2026 - INFO - Processing payment...
mysql: [Warning] Using a password on the command line interface can be insecure.
ERROR 1045 (28000): Access denied for user 'root'@'localhost' (using password: YES)
Tue Mar 17 15:08:55 UTC 2026 - INFO - Processing payment...
mysql: [Warning] Using a password on the command line interface can be insecure.
ERROR 1045 (28000): Access denied for user 'root'@'localhost' (using password: YES)
Tue Mar 17 15:08:56 UTC 2026 - INFO - Processing payment...
mysql: [Warning] Using a password on the command line interface can be insecure.
ERROR 1045 (28000): Access denied for user 'root'@'localhost' (using password: YES)
Tue Mar 17 15:09:44 UTC 2026 - INFO - Processing payment...
mysql: [Warning] Using a password on the command line interface can be insecure.
ERROR 1045 (28000): Access denied for user 'root'@'localhost' (using password: YES)
Tue Mar 17 15:09:49 UTC 2026 - INFO - Processing payment...
mysql: [Warning] Using a password on the command line interface can be insecure.
ERROR 1045 (28000): Access denied for user 'root'@'localhost' (using password: YES)
Tue Mar 17 15:09:54 UTC 2026 - INFO - Processing payment...
mysql: [Warning] Using a password on the command line interface can be insecure.
ERROR 1045 (28000): Access denied for user 'root'@'localhost' (using password: YES)
Tue Mar 17 15:09:59 UTC 2026 - INFO - Processing payment...
mysql: [Warning] Using a password on the command line interface can be insecure.
ERROR 1045 (28000): Access denied for user 'root'@'localhost' (using password: YES)
Tue Mar 17 15:10:04 UTC 2026 - INFO - Processing payment...
mysql: [Warning] Using a password on the command line interface can be insecure.
ERROR 1045 (28000): Access denied for user 'root'@'localhost' (using password: YES)
Tue Mar 17 15:10:09 UTC 2026 - INFO - Processing payment...
mysql: [Warning] Using a password on the command line interface can be insecure.
ERROR 1045 (28000): Access denied for user 'root'@'localhost' (using password: YES)
Tue Mar 17 15:10:14 UTC 2026 - INFO - Processing payment...
mysql: [Warning] Using a password on the command line interface can be insecure.
ERROR 1045 (28000): Access denied for user 'root'@'localhost' (using password: YES)
Tue Mar 17 15:10:19 UTC 2026 - INFO - Processing payment...
mysql: [Warning] Using a password on the command line interface can be insecure.
ERROR 1045 (28000): Access denied for user 'root'@'localhost' (using password: YES)
Tue Mar 17 15:10:24 UTC 2026 - INFO - Processing payment...
mysql: [Warning] Using a password on the command line interface can be insecure.
ERROR 1045 (28000): Access denied for user 'root'@'localhost' (using password: YES)
Tue Mar 17 15:10:29 UTC 2026 - INFO - Processing payment...
mysql: [Warning] Using a password on the command line interface can be insecure.
ERROR 1045 (28000): Access denied for user 'root'@'localhost' (using password: YES)
Tue Mar 17 15:10:34 UTC 2026 - INFO - Processing payment...
mysql: [Warning] Using a password on the command line interface can be insecure.
ERROR 1045 (28000): Access denied for user 'root'@'localhost' (using password: YES)
Tue Mar 17 15:10:39 UTC 2026 - INFO - Processing payment...
mysql: [Warning] Using a password on the command line interface can be insecure.
ERROR 1045 (28000): Access denied for user 'root'@'localhost' (using password: YES)
Tue Mar 17 15:10:44 UTC 2026 - INFO - Processing payment...
mysql: [Warning] Using a password on the command line interface can be insecure.
ERROR 1045 (28000): Access denied for user 'root'@'localhost' (using password: YES)
Tue Mar 17 15:10:49 UTC 2026 - INFO - Processing payment...
mysql: [Warning] Using a password on the command line interface can be insecure.
ERROR 1045 (28000): Access denied for user 'root'@'localhost' (using password: YES)
Tue Mar 17 15:10:55 UTC 2026 - INFO - Processing payment...
mysql: [Warning] Using a password on the command line interface can be insecure.
ERROR 1045 (28000): Access denied for user 'root'@'localhost' (using password: YES)
Tue Mar 17 15:11:00 UTC 2026 - INFO - Processing payment...
mysql: [Warning] Using a password on the command line interface can be insecure.
ERROR 1045 (28000): Access denied for user 'root'@'localhost' (using password: YES)
Tue Mar 17 15:11:05 UTC 2026 - INFO - Processing payment...
mysql: [Warning] Using a password on the command line interface can be insecure.
ERROR 1045 (28000): Access denied for user 'root'@'localhost' (using password: YES)
Tue Mar 17 15:11:10 UTC 2026 - INFO - Processing payment...
mysql: [Warning] Using a password on the command line interface can be insecure.
ERROR 1045 (28000): Access denied for user 'root'@'localhost' (using password: YES)
Tue Mar 17 15:11:15 UTC 2026 - INFO - Processing payment...
mysql: [Warning] Using a password on the command line interface can be insecure.
ERROR 1045 (28000): Access denied for user 'root'@'localhost' (using password: YES)
Tue Mar 17 15:11:20 UTC 2026 - INFO - Processing payment...
mysql: [Warning] Using a password on the command line interface can be insecure.
ERROR 1045 (28000): Access denied for user 'root'@'localhost' (using password: YES)
Tue Mar 17 15:11:25 UTC 2026 - INFO - Processing payment...
mysql: [Warning] Using a password on the command line interface can be insecure.
ERROR 1045 (28000): Access denied for user 'root'@'localhost' (using password: YES)
Tue Mar 17 15:11:30 UTC 2026 - INFO - Processing payment...
mysql: [Warning] Using a password on the command line interface can be insecure.
ERROR 1045 (28000): Access denied for user 'root'@'localhost' (using password: YES)
Tue Mar 17 15:11:35 UTC 2026 - INFO - Processing payment...
mysql: [Warning] Using a password on the command line interface can be insecure.
ERROR 1045 (28000): Access denied for user 'root'@'localhost' (using password: YES)
Tue Mar 17 15:11:40 UTC 2026 - INFO - Processing payment...
mysql: [Warning] Using a password on the command line interface can be insecure.
ERROR 1045 (28000): Access denied for user 'root'@'localhost' (using password: YES)
Tue Mar 17 15:11:45 UTC 2026 - INFO - Processing payment...
mysql: [Warning] Using a password on the command line interface can be insecure.
ERROR 1045 (28000): Access denied for user 'root'@'localhost' (using password: YES)
Tue Mar 17 15:11:50 UTC 2026 - INFO - Processing payment...
mysql: [Warning] Using a password on the command line interface can be insecure.
ERROR 1045 (28000): Access denied for user 'root'@'localhost' (using password: YES)
Tue Mar 17 15:11:55 UTC 2026 - INFO - Processing payment...
mysql: [Warning] Using a password on the command line interface can be insecure.
ERROR 1045 (28000): Access denied for user 'root'@'localhost' (using password: YES)
Tue Mar 17 15:12:00 UTC 2026 - INFO - Processing payment...
mysql: [Warning] Using a password on the command line interface can be insecure.
ERROR 1045 (28000): Access denied for user 'root'@'localhost' (using password: YES)
Tue Mar 17 15:12:05 UTC 2026 - INFO - Processing payment...
mysql: [Warning] Using a password on the command line interface can be insecure.
ERROR 1045 (28000): Access denied for user 'root'@'localhost' (using password: YES)
Tue Mar 17 15:12:10 UTC 2026 - INFO - Processing payment...
mysql: [Warning] Using a password on the command line interface can be insecure.
ERROR 1045 (28000): Access denied for user 'root'@'localhost' (using password: YES)
Tue Mar 17 15:12:15 UTC 2026 - INFO - Processing payment...
mysql: [Warning] Using a password on the command line interface can be insecure.
ERROR 1045 (28000): Access denied for user 'root'@'localhost' (using password: YES)
Tue Mar 17 15:12:20 UTC 2026 - INFO - Processing payment...
mysql: [Warning] Using a password on the command line interface can be insecure.
ERROR 1045 (28000): Access denied for user 'root'@'localhost' (using password: YES)
Tue Mar 17 15:12:25 UTC 2026 - INFO - Processing payment...
mysql: [Warning] Using a password on the command line interface can be insecure.
ERROR 1045 (28000): Access denied for user 'root'@'localhost' (using password: YES)
Tue Mar 17 15:12:30 UTC 2026 - INFO - Processing payment...
mysql: [Warning] Using a password on the command line interface can be insecure.
ERROR 1045 (28000): Access denied for user 'root'@'localhost' (using password: YES)
Tue Mar 17 15:12:35 UTC 2026 - INFO - Processing payment...
mysql: [Warning] Using a password on the command line interface can be insecure.
ERROR 1045 (28000): Access denied for user 'root'@'localhost' (using password: YES)
Tue Mar 17 15:12:40 UTC 2026 - INFO - Processing payment...
mysql: [Warning] Using a password on the command line interface can be insecure.
ERROR 1045 (28000): Access denied for user 'root'@'localhost' (using password: YES)
Tue Mar 17 15:12:45 UTC 2026 - INFO - Processing payment...
mysql: [Warning] Using a password on the command line interface can be insecure.
ERROR 1045 (28000): Access denied for user 'root'@'localhost' (using password: YES)
Tue Mar 17 15:12:50 UTC 2026 - INFO - Processing payment...
mysql: [Warning] Using a password on the command line interface can be insecure.
ERROR 1045 (28000): Access denied for user 'root'@'localhost' (using password: YES)
Tue Mar 17 15:12:55 UTC 2026 - INFO - Processing payment...
mysql: [Warning] Using a password on the command line interface can be insecure.
ERROR 1045 (28000): Access denied for user 'root'@'localhost' (using password: YES)
Tue Mar 17 15:13:00 UTC 2026 - INFO - Processing payment...
mysql: [Warning] Using a password on the command line interface can be insecure.
ERROR 1045 (28000): Access denied for user 'root'@'localhost' (using password: YES)
Tue Mar 17 15:13:05 UTC 2026 - INFO - Processing payment...
mysql: [Warning] Using a password on the command line interface can be insecure.
ERROR 1045 (28000): Access denied for user 'root'@'localhost' (using password: YES)
Tue Mar 17 15:13:10 UTC 2026 - INFO - Processing payment...
mysql: [Warning] Using a password on the command line interface can be insecure.
ERROR 1045 (28000): Access denied for user 'root'@'localhost' (using password: YES)
Tue Mar 17 15:13:16 UTC 2026 - INFO - Processing payment...
mysql: [Warning] Using a password on the command line interface can be insecure.
ERROR 1045 (28000): Access denied for user 'root'@'localhost' (using password: YES)
Tue Mar 17 15:13:21 UTC 2026 - INFO - Processing payment...
mysql: [Warning] Using a password on the command line interface can be insecure.
ERROR 1045 (28000): Access denied for user 'root'@'localhost' (using password: YES)
Tue Mar 17 15:13:26 UTC 2026 - INFO - Processing payment...
mysql: [Warning] Using a password on the command line interface can be insecure.
ERROR 1045 (28000): Access denied for user 'root'@'localhost' (using password: YES)
Tue Mar 17 15:13:31 UTC 2026 - INFO - Processing payment...
mysql: [Warning] Using a password on the command line interface can be insecure.
ERROR 1045 (28000): Access denied for user 'root'@'localhost' (using password: YES)
Tue Mar 17 15:13:36 UTC 2026 - INFO - Processing payment...
mysql: [Warning] Using a password on the command line interface can be insecure.
ERROR 1045 (28000): Access denied for user 'root'@'localhost' (using password: YES)
Tue Mar 17 15:13:41 UTC 2026 - INFO - Processing payment...
mysql: [Warning] Using a password on the command line interface can be insecure.
ERROR 1045 (28000): Access denied for user 'root'@'localhost' (using password: YES)
Tue Mar 17 15:13:46 UTC 2026 - INFO - Processing payment...
mysql: [Warning] Using a password on the command line interface can be insecure.
ERROR 1045 (28000): Access denied for user 'root'@'localhost' (using password: YES)
Tue Mar 17 15:13:51 UTC 2026 - INFO - Processing payment...
mysql: [Warning] Using a password on the command line interface can be insecure.
ERROR 1045 (28000): Access denied for user 'root'@'localhost' (using password: YES)
Tue Mar 17 15:13:56 UTC 2026 - INFO - Processing payment...
mysql: [Warning] Using a password on the command line interface can be insecure.
ERROR 1045 (28000): Access denied for user 'root'@'localhost' (using password: YES)
Tue Mar 17 15:14:01 UTC 2026 - INFO - Processing payment...
mysql: [Warning] Using a password on the command line interface can be insecure.
ERROR 1045 (28000): Access denied for user 'root'@'localhost' (using password: YES)
Tue Mar 17 15:14:06 UTC 2026 - INFO - Processing payment...
mysql: [Warning] Using a password on the command line interface can be insecure.
ERROR 1045 (28000): Access denied for user 'root'@'localhost' (using password: YES)
Tue Mar 17 15:14:11 UTC 2026 - INFO - Processing payment...
mysql: [Warning] Using a password on the command line interface can be insecure.
ERROR 1045 (28000): Access denied for user 'root'@'localhost' (using password: YES)
Tue Mar 17 15:14:16 UTC 2026 - INFO - Processing payment...
mysql: [Warning] Using a password on the command line interface can be insecure.
ERROR 1045 (28000): Access denied for user 'root'@'localhost' (using password: YES)
Tue Mar 17 15:14:21 UTC 2026 - INFO - Processing payment...
mysql: [Warning] Using a password on the command line interface can be insecure.
ERROR 1045 (28000): Access denied for user 'root'@'localhost' (using password: YES)
Tue Mar 17 15:14:26 UTC 2026 - INFO - Processing payment...
mysql: [Warning] Using a password on the command line interface can be insecure.
ERROR 1045 (28000): Access denied for user 'root'@'localhost' (using password: YES)
Tue Mar 17 15:14:31 UTC 2026 - INFO - Processing payment...
mysql: [Warning] Using a password on the command line interface can be insecure.
ERROR 1045 (28000): Access denied for user 'root'@'localhost' (using password: YES)
Tue Mar 17 15:14:36 UTC 2026 - INFO - Processing payment...
mysql: [Warning] Using a password on the command line interface can be insecure.
ERROR 1045 (28000): Access denied for user 'root'@'localhost' (using password: YES)
Tue Mar 17 15:14:41 UTC 2026 - INFO - Processing payment...
mysql: [Warning] Using a password on the command line interface can be insecure.
ERROR 1045 (28000): Access denied for user 'root'@'localhost' (using password: YES)
Tue Mar 17 15:14:46 UTC 2026 - INFO - Processing payment...
mysql: [Warning] Using a password on the command line interface can be insecure.
ERROR 1045 (28000): Access denied for user 'root'@'localhost' (using password: YES)
Tue Mar 17 15:14:51 UTC 2026 - INFO - Processing payment...
mysql: [Warning] Using a password on the command line interface can be insecure.
ERROR 1045 (28000): Access denied for user 'root'@'localhost' (using password: YES)
Tue Mar 17 15:14:56 UTC 2026 - INFO - Processing payment...
mysql: [Warning] Using a password on the command line interface can be insecure.
ERROR 1045 (28000): Access denied for user 'root'@'localhost' (using password: YES)
Tue Mar 17 15:15:01 UTC 2026 - INFO - Processing payment...
mysql: [Warning] Using a password on the command line interface can be insecure.
ERROR 1045 (28000): Access denied for user 'root'@'localhost' (using password: YES)
Tue Mar 17 15:15:06 UTC 2026 - INFO - Processing payment...
mysql: [Warning] Using a password on the command line interface can be insecure.
ERROR 1045 (28000): Access denied for user 'root'@'localhost' (using password: YES)
Tue Mar 17 15:15:11 UTC 2026 - INFO - Processing payment...
mysql: [Warning] Using a password on the command line interface can be insecure.
ERROR 1045 (28000): Access denied for user 'root'@'localhost' (using password: YES)
Tue Mar 17 15:15:16 UTC 2026 - INFO - Processing payment...
mysql: [Warning] Using a password on the command line interface can be insecure.
ERROR 1045 (28000): Access denied for user 'root'@'localhost' (using password: YES)
Tue Mar 17 15:15:21 UTC 2026 - INFO - Processing payment...
mysql: [Warning] Using a password on the command line interface can be insecure.
ERROR 1045 (28000): Access denied for user 'root'@'localhost' (using password: YES)
Tue Mar 17 15:15:26 UTC 2026 - INFO - Processing payment...
mysql: [Warning] Using a password on the command line interface can be insecure.
ERROR 1045 (28000): Access denied for user 'root'@'localhost' (using password: YES)
Tue Mar 17 15:15:31 UTC 2026 - INFO - Processing payment...
mysql: [Warning] Using a password on the command line interface can be insecure.
ERROR 1045 (28000): Access denied for user 'root'@'localhost' (using password: YES)
Tue Mar 17 15:15:36 UTC 2026 - INFO - Processing payment...
mysql: [Warning] Using a password on the command line interface can be insecure.
ERROR 1045 (28000): Access denied for user 'root'@'localhost' (using password: YES)
Tue Mar 17 15:15:42 UTC 2026 - INFO - Processing payment...
mysql: [Warning] Using a password on the command line interface can be insecure.
ERROR 1045 (28000): Access denied for user 'root'@'localhost' (using password: YES)
Tue Mar 17 15:15:47 UTC 2026 - INFO - Processing payment...
mysql: [Warning] Using a password on the command line interface can be insecure.
ERROR 1045 (28000): Access denied for user 'root'@'localhost' (using password: YES)
Tue Mar 17 15:15:52 UTC 2026 - INFO - Processing payment...
mysql: [Warning] Using a password on the command line interface can be insecure.
ERROR 1045 (28000): Access denied for user 'root'@'localhost' (using password: YES)
Tue Mar 17 15:15:57 UTC 2026 - INFO - Processing payment...
mysql: [Warning] Using a password on the command line interface can be insecure.
ERROR 1045 (28000): Access denied for user 'root'@'localhost' (using password: YES)
Tue Mar 17 15:16:02 UTC 2026 - INFO - Processing payment...
mysql: [Warning] Using a password on the command line interface can be insecure.
ERROR 1045 (28000): Access denied for user 'root'@'localhost' (using password: YES)
Tue Mar 17 15:16:07 UTC 2026 - INFO - Processing payment...
mysql: [Warning] Using a password on the command line interface can be insecure.
ERROR 1045 (28000): Access denied for user 'root'@'localhost' (using password: YES)
Tue Mar 17 15:16:07 UTC 2026 - INFO - Processing payment...
mysql: [Warning] Using a password on the command line interface can be insecure.
ERROR 1045 (28000): Access denied for user 'root'@'localhost' (using password: YES)
Tue Mar 17 15:16:12 UTC 2026 - INFO - Processing payment...
mysql: [Warning] Using a password on the command line interface can be insecure.
ERROR 1045 (28000): Access denied for user 'root'@'localhost' (using password: YES)
Tue Mar 17 15:16:12 UTC 2026 - INFO - Processing payment...
mysql: [Warning] Using a password on the command line interface can be insecure.
ERROR 1045 (28000): Access denied for user 'root'@'localhost' (using password: YES)
Tue Mar 17 15:16:17 UTC 2026 - INFO - Processing payment...
mysql: [Warning] Using a password on the command line interface can be insecure.
ERROR 1045 (28000): Access denied for user 'root'@'localhost' (using password: YES)
Tue Mar 17 15:16:17 UTC 2026 - INFO - Processing payment...
mysql: [Warning] Using a password on the command line interface can be insecure.
ERROR 1045 (28000): Access denied for user 'root'@'localhost' (using password: YES)
Tue Mar 17 15:16:22 UTC 2026 - INFO - Processing payment...
mysql: [Warning] Using a password on the command line interface can be insecure.
ERROR 1045 (28000): Access denied for user 'root'@'localhost' (using password: YES)
Tue Mar 17 15:16:22 UTC 2026 - INFO - Processing payment...
mysql: [Warning] Using a password on the command line interface can be insecure.
ERROR 1045 (28000): Access denied for user 'root'@'localhost' (using password: YES)
Tue Mar 17 15:16:27 UTC 2026 - INFO - Processing payment...
mysql: [Warning] Using a password on the command line interface can be insecure.
ERROR 1045 (28000): Access denied for user 'root'@'localhost' (using password: YES)
Tue Mar 17 15:16:27 UTC 2026 - INFO - Processing payment...
mysql: [Warning] Using a password on the command line interface can be insecure.
ERROR 1045 (28000): Access denied for user 'root'@'localhost' (using password: YES)
Tue Mar 17 15:16:32 UTC 2026 - INFO - Processing payment...
mysql: [Warning] Using a password on the command line interface can be insecure.
ERROR 1045 (28000): Access denied for user 'root'@'localhost' (using password: YES)
Tue Mar 17 15:16:32 UTC 2026 - INFO - Processing payment...
mysql: [Warning] Using a password on the command line interface can be insecure.
ERROR 1045 (28000): Access denied for user 'root'@'localhost' (using password: YES)
Tue Mar 17 15:16:37 UTC 2026 - INFO - Processing payment...
mysql: [Warning] Using a password on the command line interface can be insecure.
ERROR 1045 (28000): Access denied for user 'root'@'localhost' (using password: YES)
Tue Mar 17 15:16:42 UTC 2026 - INFO - Processing payment...
mysql: [Warning] Using a password on the command line interface can be insecure.
ERROR 1045 (28000): Access denied for user 'root'@'localhost' (using password: YES)
Tue Mar 17 15:16:48 UTC 2026 - INFO - Processing payment...
mysql: [Warning] Using a password on the command line interface can be insecure.
ERROR 1045 (28000): Access denied for user 'root'@'localhost' (using password: YES)
Tue Mar 17 15:16:53 UTC 2026 - INFO - Processing payment...
mysql: [Warning] Using a password on the command line interface can be insecure.
ERROR 1045 (28000): Access denied for user 'root'@'localhost' (using password: YES)
Tue Mar 17 15:16:58 UTC 2026 - INFO - Processing payment...
mysql: [Warning] Using a password on the command line interface can be insecure.
ERROR 1045 (28000): Access denied for user 'root'@'localhost' (using password: YES)
Tue Mar 17 15:17:03 UTC 2026 - INFO - Processing payment...
mysql: [Warning] Using a password on the command line interface can be insecure.
ERROR 1045 (28000): Access denied for user 'root'@'localhost' (using password: YES)
Tue Mar 17 15:17:08 UTC 2026 - INFO - Processing payment...
mysql: [Warning] Using a password on the command line interface can be insecure.
ERROR 1045 (28000): Access denied for user 'root'@'localhost' (using password: YES)
Tue Mar 17 15:17:13 UTC 2026 - INFO - Processing payment...
mysql: [Warning] Using a password on the command line interface can be insecure.
ERROR 1045 (28000): Access denied for user 'root'@'localhost' (using password: YES)
Tue Mar 17 15:17:18 UTC 2026 - INFO - Processing payment...
mysql: [Warning] Using a password on the command line interface can be insecure.
ERROR 1045 (28000): Access denied for user 'root'@'localhost' (using password: YES)
Tue Mar 17 15:17:23 UTC 2026 - INFO - Processing payment...
mysql: [Warning] Using a password on the command line interface can be insecure.
ERROR 1045 (28000): Access denied for user 'root'@'localhost' (using password: YES)
Tue Mar 17 15:17:28 UTC 2026 - INFO - Processing payment...
mysql: [Warning] Using a password on the command line interface can be insecure.
ERROR 1045 (28000): Access denied for user 'root'@'localhost' (using password: YES)
Tue Mar 17 15:17:33 UTC 2026 - INFO - Processing payment...
mysql: [Warning] Using a password on the command line interface can be insecure.
ERROR 1045 (28000): Access denied for user 'root'@'localhost' (using password: YES)
Tue Mar 17 15:17:38 UTC 2026 - INFO - Processing payment...
mysql: [Warning] Using a password on the command line interface can be insecure.
ERROR 1045 (28000): Access denied for user 'root'@'localhost' (using password: YES)
Tue Mar 17 15:17:43 UTC 2026 - INFO - Processing payment...
mysql: [Warning] Using a password on the command line interface can be insecure.
ERROR 1045 (28000): Access denied for user 'root'@'localhost' (using password: YES)
Tue Mar 17 15:17:48 UTC 2026 - INFO - Processing payment...
mysql: [Warning] Using a password on the command line interface can be insecure.
ERROR 1045 (28000): Access denied for user 'root'@'localhost' (using password: YES)
Tue Mar 17 15:17:53 UTC 2026 - INFO - Processing payment...
mysql: [Warning] Using a password on the command line interface can be insecure.
ERROR 1045 (28000): Access denied for user 'root'@'localhost' (using password: YES)
Tue Mar 17 15:17:58 UTC 2026 - INFO - Processing payment...
mysql: [Warning] Using a password on the command line interface can be insecure.
ERROR 1045 (28000): Access denied for user 'root'@'localhost' (using password: YES)
Tue Mar 17 15:18:03 UTC 2026 - INFO - Processing payment...
mysql: [Warning] Using a password on the command line interface can be insecure.
ERROR 1045 (28000): Access denied for user 'root'@'localhost' (using password: YES)
Tue Mar 17 15:18:08 UTC 2026 - INFO - Processing payment...
mysql: [Warning] Using a password on the command line interface can be insecure.
ERROR 1045 (28000): Access denied for user 'root'@'localhost' (using password: YES)
Tue Mar 17 15:18:13 UTC 2026 - INFO - Processing payment...
mysql: [Warning] Using a password on the command line interface can be insecure.
ERROR 1045 (28000): Access denied for user 'root'@'localhost' (using password: YES)
Tue Mar 17 15:18:18 UTC 2026 - INFO - Processing payment...
mysql: [Warning] Using a password on the command line interface can be insecure.
ERROR 1045 (28000): Access denied for user 'root'@'localhost' (using password: YES)
Tue Mar 17 15:18:23 UTC 2026 - INFO - Processing payment...
mysql: [Warning] Using a password on the command line interface can be insecure.
ERROR 1045 (28000): Access denied for user 'root'@'localhost' (using password: YES)
Tue Mar 17 15:18:28 UTC 2026 - INFO - Processing payment...
mysql: [Warning] Using a password on the command line interface can be insecure.
ERROR 1045 (28000): Access denied for user 'root'@'localhost' (using password: YES)
Tue Mar 17 15:18:33 UTC 2026 - INFO - Processing payment...
mysql: [Warning] Using a password on the command line interface can be insecure.
ERROR 1045 (28000): Access denied for user 'root'@'localhost' (using password: YES)
Tue Mar 17 15:18:38 UTC 2026 - INFO - Processing payment...
mysql: [Warning] Using a password on the command line interface can be insecure.
ERROR 1045 (28000): Access denied for user 'root'@'localhost' (using password: YES)
Tue Mar 17 15:18:43 UTC 2026 - INFO - Processing payment...
mysql: [Warning] Using a password on the command line interface can be insecure.
ERROR 1045 (28000): Access denied for user 'root'@'localhost' (using password: YES)
Tue Mar 17 15:18:48 UTC 2026 - INFO - Processing payment...
mysql: [Warning] Using a password on the command line interface can be insecure.
ERROR 1045 (28000): Access denied for user 'root'@'localhost' (using password: YES)
Tue Mar 17 15:18:53 UTC 2026 - INFO - Processing payment...
mysql: [Warning] Using a password on the command line interface can be insecure.
ERROR 1045 (28000): Access denied for user 'root'@'localhost' (using password: YES)
Tue Mar 17 15:18:59 UTC 2026 - INFO - Processing payment...
mysql: [Warning] Using a password on the command line interface can be insecure.
ERROR 1045 (28000): Access denied for user 'root'@'localhost' (using password: YES)
Tue Mar 17 15:39:24 UTC 2026 - INFO - Processing payment...
ERROR 1045 (28000): Access denied for user 'root'@'localhost' (using password: NO)
Tue Mar 17 15:45:32 UTC 2026 - INFO - Processing payment...
Tue Mar 17 15:56:34 UTC 2026 - INFO - Processing payment...
mysql: [Warning] Using a password on the command line interface can be insecure.
Tue Mar 17 15:56:39 UTC 2026 - INFO - Processing payment...
mysql: [Warning] Using a password on the command line interface can be insecure.
Tue Mar 17 15:56:44 UTC 2026 - INFO - Processing payment...
mysql: [Warning] Using a password on the command line interface can be insecure.
Tue Mar 17 15:56:49 UTC 2026 - INFO - Processing payment...
mysql: [Warning] Using a password on the command line interface can be insecure.
Tue Mar 17 15:56:54 UTC 2026 - INFO - Processing payment...
mysql: [Warning] Using a password on the command line interface can be insecure.
Tue Mar 17 15:56:59 UTC 2026 - INFO - Processing payment...
mysql: [Warning] Using a password on the command line interface can be insecure.
Tue Mar 17 15:57:04 UTC 2026 - INFO - Processing payment...
mysql: [Warning] Using a password on the command line interface can be insecure.
Tue Mar 17 15:57:09 UTC 2026 - INFO - Processing payment...
mysql: [Warning] Using a password on the command line interface can be insecure.
Tue Mar 17 15:57:14 UTC 2026 - INFO - Processing payment...
mysql: [Warning] Using a password on the command line interface can be insecure.
Tue Mar 17 15:57:19 UTC 2026 - INFO - Processing payment...
mysql: [Warning] Using a password on the command line interface can be insecure.
Tue Mar 17 15:57:24 UTC 2026 - INFO - Processing payment...
mysql: [Warning] Using a password on the command line interface can be insecure.
Tue Mar 17 15:57:29 UTC 2026 - INFO - Processing payment...
mysql: [Warning] Using a password on the command line interface can be insecure.
Tue Mar 17 15:57:34 UTC 2026 - INFO - Processing payment...
mysql: [Warning] Using a password on the command line interface can be insecure.
Tue Mar 17 15:57:39 UTC 2026 - INFO - Processing payment...
mysql: [Warning] Using a password on the command line interface can be insecure.
Tue Mar 17 15:57:44 UTC 2026 - INFO - Processing payment...
mysql: [Warning] Using a password on the command line interface can be insecure.
Tue Mar 17 15:57:49 UTC 2026 - INFO - Processing payment...
mysql: [Warning] Using a password on the command line interface can be insecure.
Tue Mar 17 15:57:54 UTC 2026 - INFO - Processing payment...
mysql: [Warning] Using a password on the command line interface can be insecure.
Tue Mar 17 15:58:00 UTC 2026 - INFO - Processing payment...
mysql: [Warning] Using a password on the command line interface can be insecure.
Tue Mar 17 15:58:05 UTC 2026 - INFO - Processing payment...
mysql: [Warning] Using a password on the command line interface can be insecure.
Tue Mar 17 15:58:10 UTC 2026 - INFO - Processing payment...
mysql: [Warning] Using a password on the command line interface can be insecure.
Tue Mar 17 15:58:15 UTC 2026 - INFO - Processing payment...
mysql: [Warning] Using a password on the command line interface can be insecure.
Tue Mar 17 15:58:20 UTC 2026 - INFO - Processing payment...
mysql: [Warning] Using a password on the command line interface can be insecure.
Tue Mar 17 15:58:25 UTC 2026 - INFO - Processing payment...
mysql: [Warning] Using a password on the command line interface can be insecure.
Tue Mar 17 15:58:30 UTC 2026 - INFO - Processing payment...
mysql: [Warning] Using a password on the command line interface can be insecure.
Tue Mar 17 15:58:35 UTC 2026 - INFO - Processing payment...
mysql: [Warning] Using a password on the command line interface can be insecure.
Tue Mar 17 15:58:40 UTC 2026 - INFO - Processing payment...
mysql: [Warning] Using a password on the command line interface can be insecure.
Tue Mar 17 15:58:45 UTC 2026 - INFO - Processing payment...
mysql: [Warning] Using a password on the command line interface can be insecure.
Tue Mar 17 15:58:50 UTC 2026 - INFO - Processing payment...
mysql: [Warning] Using a password on the command line interface can be insecure.
Tue Mar 17 15:58:55 UTC 2026 - INFO - Processing payment...
mysql: [Warning] Using a password on the command line interface can be insecure.
Tue Mar 17 15:59:00 UTC 2026 - INFO - Processing payment...
mysql: [Warning] Using a password on the command line interface can be insecure.
Tue Mar 17 15:59:05 UTC 2026 - INFO - Processing payment...
mysql: [Warning] Using a password on the command line interface can be insecure.
Tue Mar 17 15:59:10 UTC 2026 - INFO - Processing payment...
mysql: [Warning] Using a password on the command line interface can be insecure.
Tue Mar 17 15:59:15 UTC 2026 - INFO - Processing payment...
mysql: [Warning] Using a password on the command line interface can be insecure.
Tue Mar 17 15:59:20 UTC 2026 - INFO - Processing payment...
mysql: [Warning] Using a password on the command line interface can be insecure.
Tue Mar 17 15:59:25 UTC 2026 - INFO - Processing payment...
mysql: [Warning] Using a password on the command line interface can be insecure.
Tue Mar 17 15:59:30 UTC 2026 - INFO - Processing payment...
mysql: [Warning] Using a password on the command line interface can be insecure.
Tue Mar 17 15:59:35 UTC 2026 - INFO - Processing payment...
mysql: [Warning] Using a password on the command line interface can be insecure.
Tue Mar 17 15:59:40 UTC 2026 - INFO - Processing payment...
mysql: [Warning] Using a password on the command line interface can be insecure.
Tue Mar 17 15:59:46 UTC 2026 - INFO - Processing payment...
mysql: [Warning] Using a password on the command line interface can be insecure.
Tue Mar 17 15:59:51 UTC 2026 - INFO - Processing payment...
mysql: [Warning] Using a password on the command line interface can be insecure.
Tue Mar 17 15:59:56 UTC 2026 - INFO - Processing payment...
mysql: [Warning] Using a password on the command line interface can be insecure.
Tue Mar 17 16:00:01 UTC 2026 - INFO - Processing payment...
mysql: [Warning] Using a password on the command line interface can be insecure.
Tue Mar 17 16:00:06 UTC 2026 - INFO - Processing payment...
mysql: [Warning] Using a password on the command line interface can be insecure.
Tue Mar 17 16:00:11 UTC 2026 - INFO - Processing payment...
mysql: [Warning] Using a password on the command line interface can be insecure.
Tue Mar 17 16:00:16 UTC 2026 - INFO - Processing payment...
mysql: [Warning] Using a password on the command line interface can be insecure.
Tue Mar 17 16:00:21 UTC 2026 - INFO - Processing payment...
mysql: [Warning] Using a password on the command line interface can be insecure.
Tue Mar 17 16:00:26 UTC 2026 - INFO - Processing payment...
mysql: [Warning] Using a password on the command line interface can be insecure.
Tue Mar 17 16:00:31 UTC 2026 - INFO - Processing payment...
mysql: [Warning] Using a password on the command line interface can be insecure.
Tue Mar 17 16:00:36 UTC 2026 - INFO - Processing payment...
mysql: [Warning] Using a password on the command line interface can be insecure.
Tue Mar 17 16:00:41 UTC 2026 - INFO - Processing payment...
mysql: [Warning] Using a password on the command line interface can be insecure.
Tue Mar 17 16:00:46 UTC 2026 - INFO - Processing payment...
mysql: [Warning] Using a password on the command line interface can be insecure.
Tue Mar 17 16:00:51 UTC 2026 - INFO - Processing payment...
mysql: [Warning] Using a password on the command line interface can be insecure.
Tue Mar 17 16:00:56 UTC 2026 - INFO - Processing payment...
mysql: [Warning] Using a password on the command line interface can be insecure.
Tue Mar 17 16:01:01 UTC 2026 - INFO - Processing payment...
mysql: [Warning] Using a password on the command line interface can be insecure.
Tue Mar 17 16:01:07 UTC 2026 - INFO - Processing payment...
mysql: [Warning] Using a password on the command line interface can be insecure.
Tue Mar 17 16:01:12 UTC 2026 - INFO - Processing payment...
mysql: [Warning] Using a password on the command line interface can be insecure.
Tue Mar 17 16:01:17 UTC 2026 - INFO - Processing payment...
mysql: [Warning] Using a password on the command line interface can be insecure.
Tue Mar 17 16:01:22 UTC 2026 - INFO - Processing payment...
mysql: [Warning] Using a password on the command line interface can be insecure.
Tue Mar 17 16:01:27 UTC 2026 - INFO - Processing payment...
mysql: [Warning] Using a password on the command line interface can be insecure.
Tue Mar 17 16:01:32 UTC 2026 - INFO - Processing payment...
mysql: [Warning] Using a password on the command line interface can be insecure.
Tue Mar 17 16:01:37 UTC 2026 - INFO - Processing payment...
mysql: [Warning] Using a password on the command line interface can be insecure.
Tue Mar 17 16:01:42 UTC 2026 - INFO - Processing payment...
mysql: [Warning] Using a password on the command line interface can be insecure.
Tue Mar 17 16:01:47 UTC 2026 - INFO - Processing payment...
mysql: [Warning] Using a password on the command line interface can be insecure.
Tue Mar 17 16:01:52 UTC 2026 - INFO - Processing payment...
mysql: [Warning] Using a password on the command line interface can be insecure.
Tue Mar 17 16:01:57 UTC 2026 - INFO - Processing payment...
mysql: [Warning] Using a password on the command line interface can be insecure.
Tue Mar 17 16:02:02 UTC 2026 - INFO - Processing payment...
mysql: [Warning] Using a password on the command line interface can be insecure.
Tue Mar 17 16:02:07 UTC 2026 - INFO - Processing payment...
mysql: [Warning] Using a password on the command line interface can be insecure.
Tue Mar 17 16:02:12 UTC 2026 - INFO - Processing payment...
mysql: [Warning] Using a password on the command line interface can be insecure.
Tue Mar 17 16:02:17 UTC 2026 - INFO - Processing payment...
mysql: [Warning] Using a password on the command line interface can be insecure.
Tue Mar 17 16:02:23 UTC 2026 - INFO - Processing payment...
mysql: [Warning] Using a password on the command line interface can be insecure.
Tue Mar 17 16:02:28 UTC 2026 - INFO - Processing payment...
mysql: [Warning] Using a password on the command line interface can be insecure.
Tue Mar 17 16:02:33 UTC 2026 - INFO - Processing payment...
mysql: [Warning] Using a password on the command line interface can be insecure.
Tue Mar 17 16:02:38 UTC 2026 - INFO - Processing payment...
mysql: [Warning] Using a password on the command line interface can be insecure.
Tue Mar 17 16:02:43 UTC 2026 - INFO - Processing payment...
mysql: [Warning] Using a password on the command line interface can be insecure.
Tue Mar 17 16:02:48 UTC 2026 - INFO - Processing payment...
mysql: [Warning] Using a password on the command line interface can be insecure.
Tue Mar 17 16:02:53 UTC 2026 - INFO - Processing payment...
mysql: [Warning] Using a password on the command line interface can be insecure.
Tue Mar 17 16:02:58 UTC 2026 - INFO - Processing payment...
mysql: [Warning] Using a password on the command line interface can be insecure.
Tue Mar 17 16:03:03 UTC 2026 - INFO - Processing payment...
mysql: [Warning] Using a password on the command line interface can be insecure.
Tue Mar 17 16:03:03 UTC 2026 - INFO - Processing payment...
ERROR 1045 (28000): Access denied for user 'root'@'localhost' (using password: YES)
Tue Mar 17 16:03:08 UTC 2026 - INFO - Processing payment...
mysql: [Warning] Using a password on the command line interface can be insecure.
Tue Mar 17 16:03:08 UTC 2026 - INFO - Processing payment...
ERROR 1045 (28000): Access denied for user 'root'@'localhost' (using password: YES)
Tue Mar 17 16:03:13 UTC 2026 - INFO - Processing payment...
Tue Mar 17 16:03:13 UTC 2026 - INFO - Processing payment...
ERROR 1045 (28000): Access denied for user 'root'@'localhost' (using password: YES)
mysql: [Warning] Using a password on the command line interface can be insecure.
Tue Mar 17 16:03:18 UTC 2026 - INFO - Processing payment...
ERROR 1045 (28000): Access denied for user 'root'@'localhost' (using password: YES)
Tue Mar 17 16:03:18 UTC 2026 - INFO - Processing payment...
mysql: [Warning] Using a password on the command line interface can be insecure.
Tue Mar 17 16:03:23 UTC 2026 - INFO - Processing payment...
Tue Mar 17 16:03:23 UTC 2026 - INFO - Processing payment...
ERROR 1045 (28000): Access denied for user 'root'@'localhost' (using password: YES)
mysql: [Warning] Using a password on the command line interface can be insecure.
Tue Mar 17 16:03:28 UTC 2026 - INFO - Processing payment...
ERROR 1045 (28000): Access denied for user 'root'@'localhost' (using password: YES)
Tue Mar 17 16:03:28 UTC 2026 - INFO - Processing payment...
mysql: [Warning] Using a password on the command line interface can be insecure.
Tue Mar 17 16:03:33 UTC 2026 - INFO - Processing payment...
ERROR 1045 (28000): Access denied for user 'root'@'localhost' (using password: YES)
Tue Mar 17 16:03:33 UTC 2026 - INFO - Processing payment...
mysql: [Warning] Using a password on the command line interface can be insecure.
Tue Mar 17 16:03:38 UTC 2026 - INFO - Processing payment...
ERROR 1045 (28000): Access denied for user 'root'@'localhost' (using password: YES)
Tue Mar 17 16:03:38 UTC 2026 - INFO - Processing payment...
mysql: [Warning] Using a password on the command line interface can be insecure.
Tue Mar 17 16:03:43 UTC 2026 - INFO - Processing payment...
ERROR 1045 (28000): Access denied for user 'root'@'localhost' (using password: YES)
Tue Mar 17 16:03:43 UTC 2026 - INFO - Processing payment...
mysql: [Warning] Using a password on the command line interface can be insecure.
Tue Mar 17 16:03:48 UTC 2026 - INFO - Processing payment...
ERROR 1045 (28000): Access denied for user 'root'@'localhost' (using password: YES)
Tue Mar 17 16:03:48 UTC 2026 - INFO - Processing payment...
mysql: [Warning] Using a password on the command line interface can be insecure.
Tue Mar 17 16:03:53 UTC 2026 - INFO - Processing payment...
ERROR 1045 (28000): Access denied for user 'root'@'localhost' (using password: YES)
Tue Mar 17 16:03:53 UTC 2026 - INFO - Processing payment...
mysql: [Warning] Using a password on the command line interface can be insecure.
Tue Mar 17 16:03:58 UTC 2026 - INFO - Processing payment...
ERROR 1045 (28000): Access denied for user 'root'@'localhost' (using password: YES)
Tue Mar 17 16:03:59 UTC 2026 - INFO - Processing payment...
mysql: [Warning] Using a password on the command line interface can be insecure.
Tue Mar 17 16:04:03 UTC 2026 - INFO - Processing payment...
ERROR 1045 (28000): Access denied for user 'root'@'localhost' (using password: YES)
Tue Mar 17 16:04:04 UTC 2026 - INFO - Processing payment...
mysql: [Warning] Using a password on the command line interface can be insecure.
Tue Mar 17 16:04:08 UTC 2026 - INFO - Processing payment...
ERROR 1045 (28000): Access denied for user 'root'@'localhost' (using password: YES)
Tue Mar 17 16:04:09 UTC 2026 - INFO - Processing payment...
mysql: [Warning] Using a password on the command line interface can be insecure.
Tue Mar 17 16:04:14 UTC 2026 - INFO - Processing payment...
ERROR 1045 (28000): Access denied for user 'root'@'localhost' (using password: YES)
Tue Mar 17 16:04:14 UTC 2026 - INFO - Processing payment...
mysql: [Warning] Using a password on the command line interface can be insecure.
Tue Mar 17 16:04:19 UTC 2026 - INFO - Processing payment...
ERROR 1045 (28000): Access denied for user 'root'@'localhost' (using password: YES)
Tue Mar 17 16:04:19 UTC 2026 - INFO - Processing payment...
mysql: [Warning] Using a password on the command line interface can be insecure.
Tue Mar 17 16:04:24 UTC 2026 - INFO - Processing payment...
ERROR 1045 (28000): Access denied for user 'root'@'localhost' (using password: YES)
Tue Mar 17 16:04:24 UTC 2026 - INFO - Processing payment...
mysql: [Warning] Using a password on the command line interface can be insecure.
Tue Mar 17 16:04:29 UTC 2026 - INFO - Processing payment...
ERROR 1045 (28000): Access denied for user 'root'@'localhost' (using password: YES)
Tue Mar 17 16:04:29 UTC 2026 - INFO - Processing payment...
mysql: [Warning] Using a password on the command line interface can be insecure.
Tue Mar 17 16:04:34 UTC 2026 - INFO - Processing payment...
ERROR 1045 (28000): Access denied for user 'root'@'localhost' (using password: YES)
Tue Mar 17 16:04:34 UTC 2026 - INFO - Processing payment...
mysql: [Warning] Using a password on the command line interface can be insecure.
Tue Mar 17 16:04:39 UTC 2026 - INFO - Processing payment...
ERROR 1045 (28000): Access denied for user 'root'@'localhost' (using password: YES)
Tue Mar 17 16:04:39 UTC 2026 - INFO - Processing payment...
mysql: [Warning] Using a password on the command line interface can be insecure.
Tue Mar 17 16:04:44 UTC 2026 - INFO - Processing payment...
ERROR 1045 (28000): Access denied for user 'root'@'localhost' (using password: YES)
Tue Mar 17 16:04:44 UTC 2026 - INFO - Processing payment...
mysql: [Warning] Using a password on the command line interface can be insecure.
Tue Mar 17 16:04:49 UTC 2026 - INFO - Processing payment...
ERROR 1045 (28000): Access denied for user 'root'@'localhost' (using password: YES)
Tue Mar 17 16:04:49 UTC 2026 - INFO - Processing payment...
mysql: [Warning] Using a password on the command line interface can be insecure.
Tue Mar 17 16:04:54 UTC 2026 - INFO - Processing payment...
ERROR 1045 (28000): Access denied for user 'root'@'localhost' (using password: YES)
Tue Mar 17 16:04:54 UTC 2026 - INFO - Processing payment...
mysql: [Warning] Using a password on the command line interface can be insecure.
Tue Mar 17 16:04:59 UTC 2026 - INFO - Processing payment...
ERROR 1045 (28000): Access denied for user 'root'@'localhost' (using password: YES)
Tue Mar 17 16:04:59 UTC 2026 - INFO - Processing payment...
mysql: [Warning] Using a password on the command line interface can be insecure.
Tue Mar 17 16:05:04 UTC 2026 - INFO - Processing payment...
ERROR 1045 (28000): Access denied for user 'root'@'localhost' (using password: YES)
Tue Mar 17 16:05:04 UTC 2026 - INFO - Processing payment...
mysql: [Warning] Using a password on the command line interface can be insecure.
Tue Mar 17 16:05:09 UTC 2026 - INFO - Processing payment...
ERROR 1045 (28000): Access denied for user 'root'@'localhost' (using password: YES)
Tue Mar 17 16:05:09 UTC 2026 - INFO - Processing payment...
mysql: [Warning] Using a password on the command line interface can be insecure.
Tue Mar 17 16:05:14 UTC 2026 - INFO - Processing payment...
ERROR 1045 (28000): Access denied for user 'root'@'localhost' (using password: YES)
Tue Mar 17 16:05:14 UTC 2026 - INFO - Processing payment...
mysql: [Warning] Using a password on the command line interface can be insecure.
Tue Mar 17 16:05:19 UTC 2026 - INFO - Processing payment...
ERROR 1045 (28000): Access denied for user 'root'@'localhost' (using password: YES)
Tue Mar 17 16:05:19 UTC 2026 - INFO - Processing payment...
mysql: [Warning] Using a password on the command line interface can be insecure.
Tue Mar 17 16:05:24 UTC 2026 - INFO - Processing payment...
ERROR 1045 (28000): Access denied for user 'root'@'localhost' (using password: YES)
Tue Mar 17 16:05:24 UTC 2026 - INFO - Processing payment...
mysql: [Warning] Using a password on the command line interface can be insecure.
Tue Mar 17 16:05:29 UTC 2026 - INFO - Processing payment...
ERROR 1045 (28000): Access denied for user 'root'@'localhost' (using password: YES)
Tue Mar 17 16:05:29 UTC 2026 - INFO - Processing payment...
mysql: [Warning] Using a password on the command line interface can be insecure.
Tue Mar 17 16:05:34 UTC 2026 - INFO - Processing payment...
ERROR 1045 (28000): Access denied for user 'root'@'localhost' (using password: YES)
Tue Mar 17 16:05:34 UTC 2026 - INFO - Processing payment...
mysql: [Warning] Using a password on the command line interface can be insecure.
Tue Mar 17 16:05:39 UTC 2026 - INFO - Processing payment...
ERROR 1045 (28000): Access denied for user 'root'@'localhost' (using password: YES)
Tue Mar 17 16:05:39 UTC 2026 - INFO - Processing payment...
mysql: [Warning] Using a password on the command line interface can be insecure.
Tue Mar 17 16:05:44 UTC 2026 - INFO - Processing payment...
ERROR 1045 (28000): Access denied for user 'root'@'localhost' (using password: YES)
Tue Mar 17 16:05:44 UTC 2026 - INFO - Processing payment...
mysql: [Warning] Using a password on the command line interface can be insecure.
Tue Mar 17 16:05:49 UTC 2026 - INFO - Processing payment...
ERROR 1045 (28000): Access denied for user 'root'@'localhost' (using password: YES)
Tue Mar 17 16:05:50 UTC 2026 - INFO - Processing payment...
mysql: [Warning] Using a password on the command line interface can be insecure.
Tue Mar 17 16:05:54 UTC 2026 - INFO - Processing payment...
ERROR 1045 (28000): Access denied for user 'root'@'localhost' (using password: YES)
Tue Mar 17 16:05:55 UTC 2026 - INFO - Processing payment...
mysql: [Warning] Using a password on the command line interface can be insecure.
Tue Mar 17 16:05:59 UTC 2026 - INFO - Processing payment...
ERROR 1045 (28000): Access denied for user 'root'@'localhost' (using password: YES)
Tue Mar 17 16:06:00 UTC 2026 - INFO - Processing payment...
mysql: [Warning] Using a password on the command line interface can be insecure.
Tue Mar 17 16:06:04 UTC 2026 - INFO - Processing payment...
ERROR 1045 (28000): Access denied for user 'root'@'localhost' (using password: YES)
Tue Mar 17 16:06:05 UTC 2026 - INFO - Processing payment...
mysql: [Warning] Using a password on the command line interface can be insecure.
Tue Mar 17 16:06:09 UTC 2026 - INFO - Processing payment...
ERROR 1045 (28000): Access denied for user 'root'@'localhost' (using password: YES)
Tue Mar 17 16:06:10 UTC 2026 - INFO - Processing payment...
mysql: [Warning] Using a password on the command line interface can be insecure.
Tue Mar 17 16:06:14 UTC 2026 - INFO - Processing payment...
ERROR 1045 (28000): Access denied for user 'root'@'localhost' (using password: YES)
Tue Mar 17 16:06:15 UTC 2026 - INFO - Processing payment...
mysql: [Warning] Using a password on the command line interface can be insecure.
Tue Mar 17 16:06:19 UTC 2026 - INFO - Processing payment...
ERROR 1045 (28000): Access denied for user 'root'@'localhost' (using password: YES)
Tue Mar 17 16:06:20 UTC 2026 - INFO - Processing payment...
mysql: [Warning] Using a password on the command line interface can be insecure.
Tue Mar 17 16:06:24 UTC 2026 - INFO - Processing payment...
ERROR 1045 (28000): Access denied for user 'root'@'localhost' (using password: YES)
Tue Mar 17 16:06:25 UTC 2026 - INFO - Processing payment...
mysql: [Warning] Using a password on the command line interface can be insecure.
Tue Mar 17 16:06:29 UTC 2026 - INFO - Processing payment...
ERROR 1045 (28000): Access denied for user 'root'@'localhost' (using password: YES)
Tue Mar 17 16:06:30 UTC 2026 - INFO - Processing payment...
mysql: [Warning] Using a password on the command line interface can be insecure.
Tue Mar 17 16:06:34 UTC 2026 - INFO - Processing payment...
ERROR 1045 (28000): Access denied for user 'root'@'localhost' (using password: YES)
Tue Mar 17 16:06:35 UTC 2026 - INFO - Processing payment...
mysql: [Warning] Using a password on the command line interface can be insecure.
Tue Mar 17 16:06:39 UTC 2026 - INFO - Processing payment...
ERROR 1045 (28000): Access denied for user 'root'@'localhost' (using password: YES)
Tue Mar 17 16:06:40 UTC 2026 - INFO - Processing payment...
mysql: [Warning] Using a password on the command line interface can be insecure.
Tue Mar 17 16:06:44 UTC 2026 - INFO - Processing payment...
ERROR 1045 (28000): Access denied for user 'root'@'localhost' (using password: YES)
Tue Mar 17 16:06:45 UTC 2026 - INFO - Processing payment...
mysql: [Warning] Using a password on the command line interface can be insecure.
Tue Mar 17 16:06:49 UTC 2026 - INFO - Processing payment...
ERROR 1045 (28000): Access denied for user 'root'@'localhost' (using password: YES)
Tue Mar 17 16:06:50 UTC 2026 - INFO - Processing payment...
mysql: [Warning] Using a password on the command line interface can be insecure.
Tue Mar 17 16:06:55 UTC 2026 - INFO - Processing payment...
ERROR 1045 (28000): Access denied for user 'root'@'localhost' (using password: YES)
Tue Mar 17 16:06:55 UTC 2026 - INFO - Processing payment...
mysql: [Warning] Using a password on the command line interface can be insecure.
Tue Mar 17 16:07:00 UTC 2026 - INFO - Processing payment...
ERROR 1045 (28000): Access denied for user 'root'@'localhost' (using password: YES)
Tue Mar 17 16:07:00 UTC 2026 - INFO - Processing payment...
mysql: [Warning] Using a password on the command line interface can be insecure.
Tue Mar 17 16:07:05 UTC 2026 - INFO - Processing payment...
ERROR 1045 (28000): Access denied for user 'root'@'localhost' (using password: YES)
Tue Mar 17 16:07:05 UTC 2026 - INFO - Processing payment...
mysql: [Warning] Using a password on the command line interface can be insecure.
Tue Mar 17 16:07:10 UTC 2026 - INFO - Processing payment...
ERROR 1045 (28000): Access denied for user 'root'@'localhost' (using password: YES)
Tue Mar 17 16:07:10 UTC 2026 - INFO - Processing payment...
mysql: [Warning] Using a password on the command line interface can be insecure.
Tue Mar 17 16:07:15 UTC 2026 - INFO - Processing payment...
ERROR 1045 (28000): Access denied for user 'root'@'localhost' (using password: YES)
Tue Mar 17 16:07:15 UTC 2026 - INFO - Processing payment...
mysql: [Warning] Using a password on the command line interface can be insecure.
Tue Mar 17 16:07:20 UTC 2026 - INFO - Processing payment...
ERROR 1045 (28000): Access denied for user 'root'@'localhost' (using password: YES)
Tue Mar 17 16:07:20 UTC 2026 - INFO - Processing payment...
mysql: [Warning] Using a password on the command line interface can be insecure.
Tue Mar 17 16:07:25 UTC 2026 - INFO - Processing payment...
ERROR 1045 (28000): Access denied for user 'root'@'localhost' (using password: YES)
Tue Mar 17 16:07:25 UTC 2026 - INFO - Processing payment...
mysql: [Warning] Using a password on the command line interface can be insecure.
Tue Mar 17 16:07:30 UTC 2026 - INFO - Processing payment...
ERROR 1045 (28000): Access denied for user 'root'@'localhost' (using password: YES)
Tue Mar 17 16:07:30 UTC 2026 - INFO - Processing payment...
mysql: [Warning] Using a password on the command line interface can be insecure.
Tue Mar 17 16:07:35 UTC 2026 - INFO - Processing payment...
ERROR 1045 (28000): Access denied for user 'root'@'localhost' (using password: YES)
Tue Mar 17 16:07:36 UTC 2026 - INFO - Processing payment...
mysql: [Warning] Using a password on the command line interface can be insecure.
Tue Mar 17 16:07:40 UTC 2026 - INFO - Processing payment...
ERROR 1045 (28000): Access denied for user 'root'@'localhost' (using password: YES)
Tue Mar 17 16:07:41 UTC 2026 - INFO - Processing payment...
mysql: [Warning] Using a password on the command line interface can be insecure.
Tue Mar 17 16:07:42 UTC 2026 - INFO - Processing payment...
ERROR 1045 (28000): Access denied for user 'root'@'localhost' (using password: YES)
Tue Mar 17 16:07:45 UTC 2026 - INFO - Processing payment...
ERROR 1045 (28000): Access denied for user 'root'@'localhost' (using password: YES)
Tue Mar 17 16:07:46 UTC 2026 - INFO - Processing payment...
mysql: [Warning] Using a password on the command line interface can be insecure.
Tue Mar 17 16:07:47 UTC 2026 - INFO - Processing payment...
ERROR 1045 (28000): Access denied for user 'root'@'localhost' (using password: YES)
Tue Mar 17 16:07:50 UTC 2026 - INFO - Processing payment...
ERROR 1045 (28000): Access denied for user 'root'@'localhost' (using password: YES)
Tue Mar 17 16:07:51 UTC 2026 - INFO - Processing payment...
mysql: [Warning] Using a password on the command line interface can be insecure.
Tue Mar 17 16:07:52 UTC 2026 - INFO - Processing payment...
ERROR 1045 (28000): Access denied for user 'root'@'localhost' (using password: YES)
Tue Mar 17 16:07:55 UTC 2026 - INFO - Processing payment...
ERROR 1045 (28000): Access denied for user 'root'@'localhost' (using password: YES)
Tue Mar 17 16:07:56 UTC 2026 - INFO - Processing payment...
mysql: [Warning] Using a password on the command line interface can be insecure.
Tue Mar 17 16:07:57 UTC 2026 - INFO - Processing payment...
ERROR 1045 (28000): Access denied for user 'root'@'localhost' (using password: YES)
Tue Mar 17 16:08:00 UTC 2026 - INFO - Processing payment...
ERROR 1045 (28000): Access denied for user 'root'@'localhost' (using password: YES)
Tue Mar 17 16:08:01 UTC 2026 - INFO - Processing payment...
mysql: [Warning] Using a password on the command line interface can be insecure.
Tue Mar 17 16:08:02 UTC 2026 - INFO - Processing payment...
ERROR 1045 (28000): Access denied for user 'root'@'localhost' (using password: YES)
Tue Mar 17 16:08:05 UTC 2026 - INFO - Processing payment...
ERROR 1045 (28000): Access denied for user 'root'@'localhost' (using password: YES)
Tue Mar 17 16:08:06 UTC 2026 - INFO - Processing payment...
mysql: [Warning] Using a password on the command line interface can be insecure.
Tue Mar 17 16:08:07 UTC 2026 - INFO - Processing payment...
ERROR 1045 (28000): Access denied for user 'root'@'localhost' (using password: YES)
Tue Mar 17 16:08:10 UTC 2026 - INFO - Processing payment...
ERROR 1045 (28000): Access denied for user 'root'@'localhost' (using password: YES)
Tue Mar 17 16:08:11 UTC 2026 - INFO - Processing payment...
mysql: [Warning] Using a password on the command line interface can be insecure.
Tue Mar 17 16:08:12 UTC 2026 - INFO - Processing payment...
ERROR 1045 (28000): Access denied for user 'root'@'localhost' (using password: YES)
Tue Mar 17 16:08:15 UTC 2026 - INFO - Processing payment...
ERROR 1045 (28000): Access denied for user 'root'@'localhost' (using password: YES)
Tue Mar 17 16:08:16 UTC 2026 - INFO - Processing payment...
mysql: [Warning] Using a password on the command line interface can be insecure.
Tue Mar 17 16:08:17 UTC 2026 - INFO - Processing payment...
ERROR 1045 (28000): Access denied for user 'root'@'localhost' (using password: YES)
Tue Mar 17 16:08:20 UTC 2026 - INFO - Processing payment...
ERROR 1045 (28000): Access denied for user 'root'@'localhost' (using password: YES)
Tue Mar 17 16:08:21 UTC 2026 - INFO - Processing payment...
mysql: [Warning] Using a password on the command line interface can be insecure.
Tue Mar 17 16:08:22 UTC 2026 - INFO - Processing payment...
ERROR 1045 (28000): Access denied for user 'root'@'localhost' (using password: YES)
Tue Mar 17 16:08:25 UTC 2026 - INFO - Processing payment...
ERROR 1045 (28000): Access denied for user 'root'@'localhost' (using password: YES)
Tue Mar 17 16:08:26 UTC 2026 - INFO - Processing payment...
mysql: [Warning] Using a password on the command line interface can be insecure.
Tue Mar 17 16:08:27 UTC 2026 - INFO - Processing payment...
ERROR 1045 (28000): Access denied for user 'root'@'localhost' (using password: YES)
Tue Mar 17 16:08:30 UTC 2026 - INFO - Processing payment...
ERROR 1045 (28000): Access denied for user 'root'@'localhost' (using password: YES)
Tue Mar 17 16:08:31 UTC 2026 - INFO - Processing payment...
mysql: [Warning] Using a password on the command line interface can be insecure.
Tue Mar 17 16:08:32 UTC 2026 - INFO - Processing payment...
ERROR 1045 (28000): Access denied for user 'root'@'localhost' (using password: YES)
Tue Mar 17 16:08:35 UTC 2026 - INFO - Processing payment...
ERROR 1045 (28000): Access denied for user 'root'@'localhost' (using password: YES)
Tue Mar 17 16:08:36 UTC 2026 - INFO - Processing payment...
mysql: [Warning] Using a password on the command line interface can be insecure.
Tue Mar 17 16:08:37 UTC 2026 - INFO - Processing payment...
ERROR 1045 (28000): Access denied for user 'root'@'localhost' (using password: YES)
Tue Mar 17 16:08:40 UTC 2026 - INFO - Processing payment...
ERROR 1045 (28000): Access denied for user 'root'@'localhost' (using password: YES)
Tue Mar 17 16:08:41 UTC 2026 - INFO - Processing payment...
mysql: [Warning] Using a password on the command line interface can be insecure.
Tue Mar 17 16:08:42 UTC 2026 - INFO - Processing payment...
ERROR 1045 (28000): Access denied for user 'root'@'localhost' (using password: YES)
Tue Mar 17 16:08:45 UTC 2026 - INFO - Processing payment...
ERROR 1045 (28000): Access denied for user 'root'@'localhost' (using password: YES)
Tue Mar 17 16:08:46 UTC 2026 - INFO - Processing payment...
mysql: [Warning] Using a password on the command line interface can be insecure.
Tue Mar 17 16:08:47 UTC 2026 - INFO - Processing payment...
ERROR 1045 (28000): Access denied for user 'root'@'localhost' (using password: YES)
Tue Mar 17 16:08:50 UTC 2026 - INFO - Processing payment...
ERROR 1045 (28000): Access denied for user 'root'@'localhost' (using password: YES)
Tue Mar 17 16:08:51 UTC 2026 - INFO - Processing payment...
mysql: [Warning] Using a password on the command line interface can be insecure.
Tue Mar 17 16:08:52 UTC 2026 - INFO - Processing payment...
ERROR 1045 (28000): Access denied for user 'root'@'localhost' (using password: YES)
Tue Mar 17 16:08:55 UTC 2026 - INFO - Processing payment...
ERROR 1045 (28000): Access denied for user 'root'@'localhost' (using password: YES)
Tue Mar 17 16:08:56 UTC 2026 - INFO - Processing payment...
mysql: [Warning] Using a password on the command line interface can be insecure.
Tue Mar 17 16:08:58 UTC 2026 - INFO - Processing payment...
ERROR 1045 (28000): Access denied for user 'root'@'localhost' (using password: YES)
Tue Mar 17 16:09:00 UTC 2026 - INFO - Processing payment...
ERROR 1045 (28000): Access denied for user 'root'@'localhost' (using password: YES)
Tue Mar 17 16:09:01 UTC 2026 - INFO - Processing payment...
mysql: [Warning] Using a password on the command line interface can be insecure.
Tue Mar 17 16:09:03 UTC 2026 - INFO - Processing payment...
ERROR 1045 (28000): Access denied for user 'root'@'localhost' (using password: YES)
Tue Mar 17 16:09:05 UTC 2026 - INFO - Processing payment...
ERROR 1045 (28000): Access denied for user 'root'@'localhost' (using password: YES)
Tue Mar 17 16:09:06 UTC 2026 - INFO - Processing payment...
mysql: [Warning] Using a password on the command line interface can be insecure.
Tue Mar 17 16:09:08 UTC 2026 - INFO - Processing payment...
ERROR 1045 (28000): Access denied for user 'root'@'localhost' (using password: YES)
Tue Mar 17 16:09:10 UTC 2026 - INFO - Processing payment...
ERROR 1045 (28000): Access denied for user 'root'@'localhost' (using password: YES)
Tue Mar 17 16:09:11 UTC 2026 - INFO - Processing payment...
mysql: [Warning] Using a password on the command line interface can be insecure.
Tue Mar 17 16:09:13 UTC 2026 - INFO - Processing payment...
ERROR 1045 (28000): Access denied for user 'root'@'localhost' (using password: YES)
Tue Mar 17 16:09:15 UTC 2026 - INFO - Processing payment...
ERROR 1045 (28000): Access denied for user 'root'@'localhost' (using password: YES)
Tue Mar 17 16:09:16 UTC 2026 - INFO - Processing payment...
mysql: [Warning] Using a password on the command line interface can be insecure.
Tue Mar 17 16:09:18 UTC 2026 - INFO - Processing payment...
ERROR 1045 (28000): Access denied for user 'root'@'localhost' (using password: YES)
Tue Mar 17 16:09:21 UTC 2026 - INFO - Processing payment...
ERROR 1045 (28000): Access denied for user 'root'@'localhost' (using password: YES)
Tue Mar 17 16:09:22 UTC 2026 - INFO - Processing payment...
mysql: [Warning] Using a password on the command line interface can be insecure.
Tue Mar 17 16:09:23 UTC 2026 - INFO - Processing payment...
ERROR 1045 (28000): Access denied for user 'root'@'localhost' (using password: YES)
Tue Mar 17 16:09:26 UTC 2026 - INFO - Processing payment...
ERROR 1045 (28000): Access denied for user 'root'@'localhost' (using password: YES)
Tue Mar 17 16:09:27 UTC 2026 - INFO - Processing payment...
mysql: [Warning] Using a password on the command line interface can be insecure.
Tue Mar 17 16:09:28 UTC 2026 - INFO - Processing payment...
ERROR 1045 (28000): Access denied for user 'root'@'localhost' (using password: YES)
Tue Mar 17 16:09:31 UTC 2026 - INFO - Processing payment...
ERROR 1045 (28000): Access denied for user 'root'@'localhost' (using password: YES)
Tue Mar 17 16:09:32 UTC 2026 - INFO - Processing payment...
mysql: [Warning] Using a password on the command line interface can be insecure.
Tue Mar 17 16:09:33 UTC 2026 - INFO - Processing payment...
ERROR 1045 (28000): Access denied for user 'root'@'localhost' (using password: YES)
Tue Mar 17 16:09:36 UTC 2026 - INFO - Processing payment...
ERROR 1045 (28000): Access denied for user 'root'@'localhost' (using password: YES)
Tue Mar 17 16:09:37 UTC 2026 - INFO - Processing payment...
mysql: [Warning] Using a password on the command line interface can be insecure.
Tue Mar 17 16:09:38 UTC 2026 - INFO - Processing payment...
ERROR 1045 (28000): Access denied for user 'root'@'localhost' (using password: YES)
Tue Mar 17 16:09:41 UTC 2026 - INFO - Processing payment...
ERROR 1045 (28000): Access denied for user 'root'@'localhost' (using password: YES)
Tue Mar 17 16:09:42 UTC 2026 - INFO - Processing payment...
mysql: [Warning] Using a password on the command line interface can be insecure.
Tue Mar 17 16:09:43 UTC 2026 - INFO - Processing payment...
ERROR 1045 (28000): Access denied for user 'root'@'localhost' (using password: YES)
Tue Mar 17 16:09:46 UTC 2026 - INFO - Processing payment...
ERROR 1045 (28000): Access denied for user 'root'@'localhost' (using password: YES)
Tue Mar 17 16:09:47 UTC 2026 - INFO - Processing payment...
mysql: [Warning] Using a password on the command line interface can be insecure.
Tue Mar 17 16:09:48 UTC 2026 - INFO - Processing payment...
ERROR 1045 (28000): Access denied for user 'root'@'localhost' (using password: YES)
Tue Mar 17 16:09:51 UTC 2026 - INFO - Processing payment...
ERROR 1045 (28000): Access denied for user 'root'@'localhost' (using password: YES)
Tue Mar 17 16:09:52 UTC 2026 - INFO - Processing payment...
mysql: [Warning] Using a password on the command line interface can be insecure.
Tue Mar 17 16:09:53 UTC 2026 - INFO - Processing payment...
ERROR 1045 (28000): Access denied for user 'root'@'localhost' (using password: YES)
Tue Mar 17 16:09:56 UTC 2026 - INFO - Processing payment...
ERROR 1045 (28000): Access denied for user 'root'@'localhost' (using password: YES)
Tue Mar 17 16:09:57 UTC 2026 - INFO - Processing payment...
mysql: [Warning] Using a password on the command line interface can be insecure.
Tue Mar 17 16:09:58 UTC 2026 - INFO - Processing payment...
ERROR 1045 (28000): Access denied for user 'root'@'localhost' (using password: YES)
Tue Mar 17 16:10:01 UTC 2026 - INFO - Processing payment...
ERROR 1045 (28000): Access denied for user 'root'@'localhost' (using password: YES)
Tue Mar 17 16:10:02 UTC 2026 - INFO - Processing payment...
mysql: [Warning] Using a password on the command line interface can be insecure.
Tue Mar 17 16:10:03 UTC 2026 - INFO - Processing payment...
ERROR 1045 (28000): Access denied for user 'root'@'localhost' (using password: YES)
Tue Mar 17 16:10:06 UTC 2026 - INFO - Processing payment...
ERROR 1045 (28000): Access denied for user 'root'@'localhost' (using password: YES)
Tue Mar 17 16:10:07 UTC 2026 - INFO - Processing payment...
mysql: [Warning] Using a password on the command line interface can be insecure.
Tue Mar 17 16:10:08 UTC 2026 - INFO - Processing payment...
ERROR 1045 (28000): Access denied for user 'root'@'localhost' (using password: YES)
Tue Mar 17 16:10:11 UTC 2026 - INFO - Processing payment...
ERROR 1045 (28000): Access denied for user 'root'@'localhost' (using password: YES)
Tue Mar 17 16:10:12 UTC 2026 - INFO - Processing payment...
mysql: [Warning] Using a password on the command line interface can be insecure.
Tue Mar 17 16:10:13 UTC 2026 - INFO - Processing payment...
ERROR 1045 (28000): Access denied for user 'root'@'localhost' (using password: YES)
Tue Mar 17 16:10:16 UTC 2026 - INFO - Processing payment...
ERROR 1045 (28000): Access denied for user 'root'@'localhost' (using password: YES)
Tue Mar 17 16:10:17 UTC 2026 - INFO - Processing payment...
mysql: [Warning] Using a password on the command line interface can be insecure.
Tue Mar 17 16:10:18 UTC 2026 - INFO - Processing payment...
ERROR 1045 (28000): Access denied for user 'root'@'localhost' (using password: YES)
Tue Mar 17 16:10:21 UTC 2026 - INFO - Processing payment...
ERROR 1045 (28000): Access denied for user 'root'@'localhost' (using password: YES)
Tue Mar 17 16:10:22 UTC 2026 - INFO - Processing payment...
mysql: [Warning] Using a password on the command line interface can be insecure.
Tue Mar 17 16:10:23 UTC 2026 - INFO - Processing payment...
ERROR 1045 (28000): Access denied for user 'root'@'localhost' (using password: YES)
Tue Mar 17 16:10:26 UTC 2026 - INFO - Processing payment...
ERROR 1045 (28000): Access denied for user 'root'@'localhost' (using password: YES)
Tue Mar 17 16:10:27 UTC 2026 - INFO - Processing payment...
mysql: [Warning] Using a password on the command line interface can be insecure.
Tue Mar 17 16:10:28 UTC 2026 - INFO - Processing payment...
ERROR 1045 (28000): Access denied for user 'root'@'localhost' (using password: YES)
Tue Mar 17 16:10:31 UTC 2026 - INFO - Processing payment...
ERROR 1045 (28000): Access denied for user 'root'@'localhost' (using password: YES)
Tue Mar 17 16:10:32 UTC 2026 - INFO - Processing payment...
mysql: [Warning] Using a password on the command line interface can be insecure.
Tue Mar 17 16:10:33 UTC 2026 - INFO - Processing payment...
ERROR 1045 (28000): Access denied for user 'root'@'localhost' (using password: YES)
Tue Mar 17 16:10:36 UTC 2026 - INFO - Processing payment...
ERROR 1045 (28000): Access denied for user 'root'@'localhost' (using password: YES)
Tue Mar 17 16:10:37 UTC 2026 - INFO - Processing payment...
mysql: [Warning] Using a password on the command line interface can be insecure.
Tue Mar 17 16:10:38 UTC 2026 - INFO - Processing payment...
ERROR 1045 (28000): Access denied for user 'root'@'localhost' (using password: YES)
Tue Mar 17 16:10:41 UTC 2026 - INFO - Processing payment...
ERROR 1045 (28000): Access denied for user 'root'@'localhost' (using password: YES)
Tue Mar 17 16:10:42 UTC 2026 - INFO - Processing payment...
mysql: [Warning] Using a password on the command line interface can be insecure.
Tue Mar 17 16:10:43 UTC 2026 - INFO - Processing payment...
ERROR 1045 (28000): Access denied for user 'root'@'localhost' (using password: YES)
Tue Mar 17 16:10:46 UTC 2026 - INFO - Processing payment...
ERROR 1045 (28000): Access denied for user 'root'@'localhost' (using password: YES)
Tue Mar 17 16:10:47 UTC 2026 - INFO - Processing payment...
mysql: [Warning] Using a password on the command line interface can be insecure.
Tue Mar 17 16:10:48 UTC 2026 - INFO - Processing payment...
ERROR 1045 (28000): Access denied for user 'root'@'localhost' (using password: YES)
Tue Mar 17 16:10:51 UTC 2026 - INFO - Processing payment...
ERROR 1045 (28000): Access denied for user 'root'@'localhost' (using password: YES)
Tue Mar 17 16:10:52 UTC 2026 - INFO - Processing payment...
mysql: [Warning] Using a password on the command line interface can be insecure.
Tue Mar 17 16:10:53 UTC 2026 - INFO - Processing payment...
ERROR 1045 (28000): Access denied for user 'root'@'localhost' (using password: YES)
Tue Mar 17 16:10:56 UTC 2026 - INFO - Processing payment...
ERROR 1045 (28000): Access denied for user 'root'@'localhost' (using password: YES)
Tue Mar 17 16:10:57 UTC 2026 - INFO - Processing payment...
mysql: [Warning] Using a password on the command line interface can be insecure.
Tue Mar 17 16:10:58 UTC 2026 - INFO - Processing payment...
ERROR 1045 (28000): Access denied for user 'root'@'localhost' (using password: YES)
Tue Mar 17 16:11:01 UTC 2026 - INFO - Processing payment...
ERROR 1045 (28000): Access denied for user 'root'@'localhost' (using password: YES)
Tue Mar 17 16:11:03 UTC 2026 - INFO - Processing payment...
mysql: [Warning] Using a password on the command line interface can be insecure.
Tue Mar 17 16:11:03 UTC 2026 - INFO - Processing payment...
ERROR 1045 (28000): Access denied for user 'root'@'localhost' (using password: YES)
Tue Mar 17 16:11:06 UTC 2026 - INFO - Processing payment...
ERROR 1045 (28000): Access denied for user 'root'@'localhost' (using password: YES)
Tue Mar 17 16:11:08 UTC 2026 - INFO - Processing payment...
mysql: [Warning] Using a password on the command line interface can be insecure.
Tue Mar 17 16:11:08 UTC 2026 - INFO - Processing payment...
ERROR 1045 (28000): Access denied for user 'root'@'localhost' (using password: YES)
Tue Mar 17 16:11:11 UTC 2026 - INFO - Processing payment...
ERROR 1045 (28000): Access denied for user 'root'@'localhost' (using password: YES)
Tue Mar 17 16:11:13 UTC 2026 - INFO - Processing payment...
mysql: [Warning] Using a password on the command line interface can be insecure.
Tue Mar 17 16:11:13 UTC 2026 - INFO - Processing payment...
ERROR 1045 (28000): Access denied for user 'root'@'localhost' (using password: YES)
Tue Mar 17 16:11:16 UTC 2026 - INFO - Processing payment...
ERROR 1045 (28000): Access denied for user 'root'@'localhost' (using password: YES)
Tue Mar 17 16:11:18 UTC 2026 - INFO - Processing payment...
mysql: [Warning] Using a password on the command line interface can be insecure.
Tue Mar 17 16:11:18 UTC 2026 - INFO - Processing payment...
ERROR 1045 (28000): Access denied for user 'root'@'localhost' (using password: YES)
Tue Mar 17 16:11:21 UTC 2026 - INFO - Processing payment...
ERROR 2002 (HY000): Can't connect to local MySQL server through socket '/var/run/mysqld/mysqld.sock' (2)
Tue Mar 17 16:11:23 UTC 2026 - INFO - Processing payment...
mysql: [Warning] Using a password on the command line interface can be insecure.
ERROR 2002 (HY000): Can't connect to local MySQL server through socket '/var/run/mysqld/mysqld.sock' (2)
Tue Mar 17 16:11:23 UTC 2026 - INFO - Processing payment...
ERROR 2002 (HY000): Can't connect to local MySQL server through socket '/var/run/mysqld/mysqld.sock' (2)
Tue Mar 17 16:11:26 UTC 2026 - INFO - Processing payment...
ERROR 2002 (HY000): Can't connect to local MySQL server through socket '/var/run/mysqld/mysqld.sock' (2)
Tue Mar 17 16:11:28 UTC 2026 - INFO - Processing payment...
mysql: [Warning] Using a password on the command line interface can be insecure.
ERROR 2002 (HY000): Can't connect to local MySQL server through socket '/var/run/mysqld/mysqld.sock' (2)
Tue Mar 17 16:11:29 UTC 2026 - INFO - Processing payment...
ERROR 2002 (HY000): Can't connect to local MySQL server through socket '/var/run/mysqld/mysqld.sock' (2)
Tue Mar 17 16:11:31 UTC 2026 - INFO - Processing payment...
ERROR 2002 (HY000): Can't connect to local MySQL server through socket '/var/run/mysqld/mysqld.sock' (2)
Tue Mar 17 16:11:33 UTC 2026 - INFO - Processing payment...
mysql: [Warning] Using a password on the command line interface can be insecure.
ERROR 2002 (HY000): Can't connect to local MySQL server through socket '/var/run/mysqld/mysqld.sock' (2)
Tue Mar 17 16:11:34 UTC 2026 - INFO - Processing payment...
ERROR 2002 (HY000): Can't connect to local MySQL server through socket '/var/run/mysqld/mysqld.sock' (2)
Tue Mar 17 16:11:36 UTC 2026 - INFO - Processing payment...
ERROR 2002 (HY000): Can't connect to local MySQL server through socket '/var/run/mysqld/mysqld.sock' (2)
Tue Mar 17 16:11:38 UTC 2026 - INFO - Processing payment...
mysql: [Warning] Using a password on the command line interface can be insecure.
ERROR 2002 (HY000): Can't connect to local MySQL server through socket '/var/run/mysqld/mysqld.sock' (2)
Tue Mar 17 16:11:39 UTC 2026 - INFO - Processing payment...
ERROR 2002 (HY000): Can't connect to local MySQL server through socket '/var/run/mysqld/mysqld.sock' (2)
Tue Mar 17 16:11:41 UTC 2026 - INFO - Processing payment...
ERROR 2002 (HY000): Can't connect to local MySQL server through socket '/var/run/mysqld/mysqld.sock' (2)
Tue Mar 17 16:11:43 UTC 2026 - INFO - Processing payment...
mysql: [Warning] Using a password on the command line interface can be insecure.
ERROR 2002 (HY000): Can't connect to local MySQL server through socket '/var/run/mysqld/mysqld.sock' (2)
Tue Mar 17 16:11:44 UTC 2026 - INFO - Processing payment...
ERROR 2002 (HY000): Can't connect to local MySQL server through socket '/var/run/mysqld/mysqld.sock' (2)
Tue Mar 17 16:11:46 UTC 2026 - INFO - Processing payment...
ERROR 2002 (HY000): Can't connect to local MySQL server through socket '/var/run/mysqld/mysqld.sock' (2)
Tue Mar 17 16:11:48 UTC 2026 - INFO - Processing payment...
mysql: [Warning] Using a password on the command line interface can be insecure.
ERROR 2002 (HY000): Can't connect to local MySQL server through socket '/var/run/mysqld/mysqld.sock' (2)
Tue Mar 17 16:11:49 UTC 2026 - INFO - Processing payment...
ERROR 2002 (HY000): Can't connect to local MySQL server through socket '/var/run/mysqld/mysqld.sock' (2)
Tue Mar 17 16:11:51 UTC 2026 - INFO - Processing payment...
ERROR 2002 (HY000): Can't connect to local MySQL server through socket '/var/run/mysqld/mysqld.sock' (2)
Tue Mar 17 16:11:53 UTC 2026 - INFO - Processing payment...
mysql: [Warning] Using a password on the command line interface can be insecure.
ERROR 2002 (HY000): Can't connect to local MySQL server through socket '/var/run/mysqld/mysqld.sock' (2)
Tue Mar 17 16:11:54 UTC 2026 - INFO - Processing payment...
ERROR 2002 (HY000): Can't connect to local MySQL server through socket '/var/run/mysqld/mysqld.sock' (2)
Tue Mar 17 16:11:56 UTC 2026 - INFO - Processing payment...
ERROR 2002 (HY000): Can't connect to local MySQL server through socket '/var/run/mysqld/mysqld.sock' (2)
Tue Mar 17 16:11:58 UTC 2026 - INFO - Processing payment...
mysql: [Warning] Using a password on the command line interface can be insecure.
ERROR 2002 (HY000): Can't connect to local MySQL server through socket '/var/run/mysqld/mysqld.sock' (2)
Tue Mar 17 16:11:59 UTC 2026 - INFO - Processing payment...
ERROR 2002 (HY000): Can't connect to local MySQL server through socket '/var/run/mysqld/mysqld.sock' (2)
Tue Mar 17 16:12:02 UTC 2026 - INFO - Processing payment...
ERROR 2002 (HY000): Can't connect to local MySQL server through socket '/var/run/mysqld/mysqld.sock' (2)
Tue Mar 17 16:12:03 UTC 2026 - INFO - Processing payment...
mysql: [Warning] Using a password on the command line interface can be insecure.
ERROR 2002 (HY000): Can't connect to local MySQL server through socket '/var/run/mysqld/mysqld.sock' (2)
Tue Mar 17 16:12:04 UTC 2026 - INFO - Processing payment...
ERROR 2002 (HY000): Can't connect to local MySQL server through socket '/var/run/mysqld/mysqld.sock' (2)
Tue Mar 17 16:12:07 UTC 2026 - INFO - Processing payment...
ERROR 2002 (HY000): Can't connect to local MySQL server through socket '/var/run/mysqld/mysqld.sock' (2)
Tue Mar 17 16:12:08 UTC 2026 - INFO - Processing payment...
mysql: [Warning] Using a password on the command line interface can be insecure.
ERROR 2002 (HY000): Can't connect to local MySQL server through socket '/var/run/mysqld/mysqld.sock' (2)
Tue Mar 17 16:12:09 UTC 2026 - INFO - Processing payment...
ERROR 2002 (HY000): Can't connect to local MySQL server through socket '/var/run/mysqld/mysqld.sock' (2)
Tue Mar 17 16:12:12 UTC 2026 - INFO - Processing payment...
ERROR 2002 (HY000): Can't connect to local MySQL server through socket '/var/run/mysqld/mysqld.sock' (2)
Tue Mar 17 16:12:13 UTC 2026 - INFO - Processing payment...
mysql: [Warning] Using a password on the command line interface can be insecure.
ERROR 2002 (HY000): Can't connect to local MySQL server through socket '/var/run/mysqld/mysqld.sock' (2)
Tue Mar 17 16:12:14 UTC 2026 - INFO - Processing payment...
ERROR 2002 (HY000): Can't connect to local MySQL server through socket '/var/run/mysqld/mysqld.sock' (2)
Tue Mar 17 16:12:17 UTC 2026 - INFO - Processing payment...
ERROR 2002 (HY000): Can't connect to local MySQL server through socket '/var/run/mysqld/mysqld.sock' (2)
Tue Mar 17 16:12:18 UTC 2026 - INFO - Processing payment...
mysql: [Warning] Using a password on the command line interface can be insecure.
ERROR 2002 (HY000): Can't connect to local MySQL server through socket '/var/run/mysqld/mysqld.sock' (2)
Tue Mar 17 16:12:19 UTC 2026 - INFO - Processing payment...
ERROR 2002 (HY000): Can't connect to local MySQL server through socket '/var/run/mysqld/mysqld.sock' (2)
Tue Mar 17 16:12:22 UTC 2026 - INFO - Processing payment...
ERROR 2002 (HY000): Can't connect to local MySQL server through socket '/var/run/mysqld/mysqld.sock' (2)
Tue Mar 17 16:12:23 UTC 2026 - INFO - Processing payment...
mysql: [Warning] Using a password on the command line interface can be insecure.
ERROR 2002 (HY000): Can't connect to local MySQL server through socket '/var/run/mysqld/mysqld.sock' (2)
Tue Mar 17 16:12:24 UTC 2026 - INFO - Processing payment...
ERROR 2002 (HY000): Can't connect to local MySQL server through socket '/var/run/mysqld/mysqld.sock' (2)
Tue Mar 17 16:12:27 UTC 2026 - INFO - Processing payment...
ERROR 2002 (HY000): Can't connect to local MySQL server through socket '/var/run/mysqld/mysqld.sock' (2)
Tue Mar 17 16:12:28 UTC 2026 - INFO - Processing payment...
mysql: [Warning] Using a password on the command line interface can be insecure.
ERROR 2002 (HY000): Can't connect to local MySQL server through socket '/var/run/mysqld/mysqld.sock' (2)
Tue Mar 17 16:12:29 UTC 2026 - INFO - Processing payment...
ERROR 2002 (HY000): Can't connect to local MySQL server through socket '/var/run/mysqld/mysqld.sock' (2)
Tue Mar 17 16:12:32 UTC 2026 - INFO - Processing payment...
ERROR 2002 (HY000): Can't connect to local MySQL server through socket '/var/run/mysqld/mysqld.sock' (2)
Tue Mar 17 16:12:33 UTC 2026 - INFO - Processing payment...
mysql: [Warning] Using a password on the command line interface can be insecure.
ERROR 2002 (HY000): Can't connect to local MySQL server through socket '/var/run/mysqld/mysqld.sock' (2)
Tue Mar 17 16:12:34 UTC 2026 - INFO - Processing payment...
ERROR 2002 (HY000): Can't connect to local MySQL server through socket '/var/run/mysqld/mysqld.sock' (2)
Tue Mar 17 16:12:37 UTC 2026 - INFO - Processing payment...
ERROR 2002 (HY000): Can't connect to local MySQL server through socket '/var/run/mysqld/mysqld.sock' (2)
Tue Mar 17 16:12:38 UTC 2026 - INFO - Processing payment...
mysql: [Warning] Using a password on the command line interface can be insecure.
ERROR 2002 (HY000): Can't connect to local MySQL server through socket '/var/run/mysqld/mysqld.sock' (2)
Tue Mar 17 16:12:39 UTC 2026 - INFO - Processing payment...
ERROR 2002 (HY000): Can't connect to local MySQL server through socket '/var/run/mysqld/mysqld.sock' (2)
Tue Mar 17 16:12:42 UTC 2026 - INFO - Processing payment...
ERROR 2002 (HY000): Can't connect to local MySQL server through socket '/var/run/mysqld/mysqld.sock' (2)
Tue Mar 17 16:12:43 UTC 2026 - INFO - Processing payment...
mysql: [Warning] Using a password on the command line interface can be insecure.
ERROR 2002 (HY000): Can't connect to local MySQL server through socket '/var/run/mysqld/mysqld.sock' (2)
Tue Mar 17 16:12:44 UTC 2026 - INFO - Processing payment...
ERROR 2002 (HY000): Can't connect to local MySQL server through socket '/var/run/mysqld/mysqld.sock' (2)
Tue Mar 17 16:12:47 UTC 2026 - INFO - Processing payment...
ERROR 2002 (HY000): Can't connect to local MySQL server through socket '/var/run/mysqld/mysqld.sock' (2)
Tue Mar 17 16:12:48 UTC 2026 - INFO - Processing payment...
mysql: [Warning] Using a password on the command line interface can be insecure.
ERROR 2002 (HY000): Can't connect to local MySQL server through socket '/var/run/mysqld/mysqld.sock' (2)
Tue Mar 17 16:12:49 UTC 2026 - INFO - Processing payment...
ERROR 2002 (HY000): Can't connect to local MySQL server through socket '/var/run/mysqld/mysqld.sock' (2)
Tue Mar 17 16:12:52 UTC 2026 - INFO - Processing payment...
ERROR 2002 (HY000): Can't connect to local MySQL server through socket '/var/run/mysqld/mysqld.sock' (2)
Tue Mar 17 16:12:53 UTC 2026 - INFO - Processing payment...
mysql: [Warning] Using a password on the command line interface can be insecure.
ERROR 2002 (HY000): Can't connect to local MySQL server through socket '/var/run/mysqld/mysqld.sock' (2)
Tue Mar 17 16:12:54 UTC 2026 - INFO - Processing payment...
ERROR 2002 (HY000): Can't connect to local MySQL server through socket '/var/run/mysqld/mysqld.sock' (2)
Tue Mar 17 16:12:57 UTC 2026 - INFO - Processing payment...
ERROR 2002 (HY000): Can't connect to local MySQL server through socket '/var/run/mysqld/mysqld.sock' (2)
Tue Mar 17 16:12:58 UTC 2026 - INFO - Processing payment...
mysql: [Warning] Using a password on the command line interface can be insecure.
ERROR 2002 (HY000): Can't connect to local MySQL server through socket '/var/run/mysqld/mysqld.sock' (2)
Tue Mar 17 16:12:59 UTC 2026 - INFO - Processing payment...
ERROR 2002 (HY000): Can't connect to local MySQL server through socket '/var/run/mysqld/mysqld.sock' (2)
Tue Mar 17 16:13:02 UTC 2026 - INFO - Processing payment...
ERROR 2002 (HY000): Can't connect to local MySQL server through socket '/var/run/mysqld/mysqld.sock' (2)
Tue Mar 17 16:13:03 UTC 2026 - INFO - Processing payment...
mysql: [Warning] Using a password on the command line interface can be insecure.
ERROR 2002 (HY000): Can't connect to local MySQL server through socket '/var/run/mysqld/mysqld.sock' (2)
Tue Mar 17 16:13:04 UTC 2026 - INFO - Processing payment...
ERROR 2002 (HY000): Can't connect to local MySQL server through socket '/var/run/mysqld/mysqld.sock' (2)
Tue Mar 17 16:13:07 UTC 2026 - INFO - Processing payment...
ERROR 1045 (28000): Access denied for user 'root'@'localhost' (using password: YES)
Tue Mar 17 16:13:08 UTC 2026 - INFO - Processing payment...
mysql: [Warning] Using a password on the command line interface can be insecure.
Tue Mar 17 16:13:09 UTC 2026 - INFO - Processing payment...
ERROR 1045 (28000): Access denied for user 'root'@'localhost' (using password: YES)
Tue Mar 17 16:13:12 UTC 2026 - INFO - Processing payment...
ERROR 1045 (28000): Access denied for user 'root'@'localhost' (using password: YES)
Tue Mar 17 16:13:13 UTC 2026 - INFO - Processing payment...
mysql: [Warning] Using a password on the command line interface can be insecure.
Tue Mar 17 16:13:14 UTC 2026 - INFO - Processing payment...
ERROR 1045 (28000): Access denied for user 'root'@'localhost' (using password: YES)
Tue Mar 17 16:13:17 UTC 2026 - INFO - Processing payment...
ERROR 1045 (28000): Access denied for user 'root'@'localhost' (using password: YES)
Tue Mar 17 16:13:19 UTC 2026 - INFO - Processing payment...
mysql: [Warning] Using a password on the command line interface can be insecure.
Tue Mar 17 16:13:19 UTC 2026 - INFO - Processing payment...
ERROR 1045 (28000): Access denied for user 'root'@'localhost' (using password: YES)
Tue Mar 17 16:13:22 UTC 2026 - INFO - Processing payment...
ERROR 1045 (28000): Access denied for user 'root'@'localhost' (using password: YES)
Tue Mar 17 16:13:24 UTC 2026 - INFO - Processing payment...
mysql: [Warning] Using a password on the command line interface can be insecure.
Tue Mar 17 16:13:24 UTC 2026 - INFO - Processing payment...
ERROR 1045 (28000): Access denied for user 'root'@'localhost' (using password: YES)
Tue Mar 17 16:13:27 UTC 2026 - INFO - Processing payment...
ERROR 1045 (28000): Access denied for user 'root'@'localhost' (using password: YES)
Tue Mar 17 16:13:29 UTC 2026 - INFO - Processing payment...
mysql: [Warning] Using a password on the command line interface can be insecure.
Tue Mar 17 16:13:29 UTC 2026 - INFO - Processing payment...
ERROR 1045 (28000): Access denied for user 'root'@'localhost' (using password: YES)
Tue Mar 17 16:13:32 UTC 2026 - INFO - Processing payment...
ERROR 1045 (28000): Access denied for user 'root'@'localhost' (using password: YES)
Tue Mar 17 16:13:34 UTC 2026 - INFO - Processing payment...
mysql: [Warning] Using a password on the command line interface can be insecure.
Tue Mar 17 16:13:34 UTC 2026 - INFO - Processing payment...
ERROR 1045 (28000): Access denied for user 'root'@'localhost' (using password: YES)
Tue Mar 17 16:13:37 UTC 2026 - INFO - Processing payment...
ERROR 1045 (28000): Access denied for user 'root'@'localhost' (using password: YES)
Tue Mar 17 16:13:39 UTC 2026 - INFO - Processing payment...
mysql: [Warning] Using a password on the command line interface can be insecure.
Tue Mar 17 16:13:39 UTC 2026 - INFO - Processing payment...
ERROR 1045 (28000): Access denied for user 'root'@'localhost' (using password: YES)
Tue Mar 17 16:13:42 UTC 2026 - INFO - Processing payment...
ERROR 1045 (28000): Access denied for user 'root'@'localhost' (using password: YES)
Tue Mar 17 16:13:44 UTC 2026 - INFO - Processing payment...
mysql: [Warning] Using a password on the command line interface can be insecure.
Tue Mar 17 16:13:44 UTC 2026 - INFO - Processing payment...
ERROR 1045 (28000): Access denied for user 'root'@'localhost' (using password: YES)
Tue Mar 17 16:13:47 UTC 2026 - INFO - Processing payment...
ERROR 1045 (28000): Access denied for user 'root'@'localhost' (using password: YES)
Tue Mar 17 16:13:49 UTC 2026 - INFO - Processing payment...
mysql: [Warning] Using a password on the command line interface can be insecure.
Tue Mar 17 16:13:49 UTC 2026 - INFO - Processing payment...
ERROR 1045 (28000): Access denied for user 'root'@'localhost' (using password: YES)
Tue Mar 17 16:13:52 UTC 2026 - INFO - Processing payment...
ERROR 1045 (28000): Access denied for user 'root'@'localhost' (using password: YES)
Tue Mar 17 16:13:54 UTC 2026 - INFO - Processing payment...
mysql: [Warning] Using a password on the command line interface can be insecure.
Tue Mar 17 16:13:54 UTC 2026 - INFO - Processing payment...
ERROR 1045 (28000): Access denied for user 'root'@'localhost' (using password: YES)
Tue Mar 17 16:13:57 UTC 2026 - INFO - Processing payment...
ERROR 1045 (28000): Access denied for user 'root'@'localhost' (using password: YES)
Tue Mar 17 16:13:59 UTC 2026 - INFO - Processing payment...
mysql: [Warning] Using a password on the command line interface can be insecure.
Tue Mar 17 16:13:59 UTC 2026 - INFO - Processing payment...
ERROR 1045 (28000): Access denied for user 'root'@'localhost' (using password: YES)
Tue Mar 17 16:14:02 UTC 2026 - INFO - Processing payment...
ERROR 1045 (28000): Access denied for user 'root'@'localhost' (using password: YES)
Tue Mar 17 16:14:04 UTC 2026 - INFO - Processing payment...
mysql: [Warning] Using a password on the command line interface can be insecure.
Tue Mar 17 16:14:04 UTC 2026 - INFO - Processing payment...
ERROR 1045 (28000): Access denied for user 'root'@'localhost' (using password: YES)
Tue Mar 17 16:14:07 UTC 2026 - INFO - Processing payment...
ERROR 1045 (28000): Access denied for user 'root'@'localhost' (using password: YES)
Tue Mar 17 16:14:09 UTC 2026 - INFO - Processing payment...
mysql: [Warning] Using a password on the command line interface can be insecure.
Tue Mar 17 16:14:09 UTC 2026 - INFO - Processing payment...
ERROR 1045 (28000): Access denied for user 'root'@'localhost' (using password: YES)
Tue Mar 17 16:14:12 UTC 2026 - INFO - Processing payment...
ERROR 1045 (28000): Access denied for user 'root'@'localhost' (using password: YES)
Tue Mar 17 16:14:14 UTC 2026 - INFO - Processing payment...
mysql: [Warning] Using a password on the command line interface can be insecure.
Tue Mar 17 16:14:14 UTC 2026 - INFO - Processing payment...
ERROR 1045 (28000): Access denied for user 'root'@'localhost' (using password: YES)
Tue Mar 17 16:14:17 UTC 2026 - INFO - Processing payment...
ERROR 1045 (28000): Access denied for user 'root'@'localhost' (using password: YES)
Tue Mar 17 16:14:19 UTC 2026 - INFO - Processing payment...
mysql: [Warning] Using a password on the command line interface can be insecure.
Tue Mar 17 16:14:19 UTC 2026 - INFO - Processing payment...
ERROR 1045 (28000): Access denied for user 'root'@'localhost' (using password: YES)
Tue Mar 17 16:14:23 UTC 2026 - INFO - Processing payment...
ERROR 1045 (28000): Access denied for user 'root'@'localhost' (using password: YES)
Tue Mar 17 16:14:24 UTC 2026 - INFO - Processing payment...
mysql: [Warning] Using a password on the command line interface can be insecure.
Tue Mar 17 16:14:24 UTC 2026 - INFO - Processing payment...
ERROR 1045 (28000): Access denied for user 'root'@'localhost' (using password: YES)
Tue Mar 17 16:14:28 UTC 2026 - INFO - Processing payment...
ERROR 1045 (28000): Access denied for user 'root'@'localhost' (using password: YES)
Tue Mar 17 16:14:29 UTC 2026 - INFO - Processing payment...
mysql: [Warning] Using a password on the command line interface can be insecure.
Tue Mar 17 16:14:30 UTC 2026 - INFO - Processing payment...
ERROR 1045 (28000): Access denied for user 'root'@'localhost' (using password: YES)
Tue Mar 17 16:14:33 UTC 2026 - INFO - Processing payment...
ERROR 1045 (28000): Access denied for user 'root'@'localhost' (using password: YES)
Tue Mar 17 16:14:34 UTC 2026 - INFO - Processing payment...
mysql: [Warning] Using a password on the command line interface can be insecure.
Tue Mar 17 16:14:35 UTC 2026 - INFO - Processing payment...
ERROR 1045 (28000): Access denied for user 'root'@'localhost' (using password: YES)
Tue Mar 17 16:14:38 UTC 2026 - INFO - Processing payment...
ERROR 1045 (28000): Access denied for user 'root'@'localhost' (using password: YES)
Tue Mar 17 16:14:39 UTC 2026 - INFO - Processing payment...
mysql: [Warning] Using a password on the command line interface can be insecure.
Tue Mar 17 16:14:40 UTC 2026 - INFO - Processing payment...
ERROR 1045 (28000): Access denied for user 'root'@'localhost' (using password: YES)
Tue Mar 17 16:14:43 UTC 2026 - INFO - Processing payment...
ERROR 1045 (28000): Access denied for user 'root'@'localhost' (using password: YES)
Tue Mar 17 16:14:44 UTC 2026 - INFO - Processing payment...
mysql: [Warning] Using a password on the command line interface can be insecure.
Tue Mar 17 16:14:45 UTC 2026 - INFO - Processing payment...
ERROR 1045 (28000): Access denied for user 'root'@'localhost' (using password: YES)
Tue Mar 17 16:14:48 UTC 2026 - INFO - Processing payment...
ERROR 1045 (28000): Access denied for user 'root'@'localhost' (using password: YES)
Tue Mar 17 16:14:49 UTC 2026 - INFO - Processing payment...
mysql: [Warning] Using a password on the command line interface can be insecure.
Tue Mar 17 16:14:50 UTC 2026 - INFO - Processing payment...
ERROR 1045 (28000): Access denied for user 'root'@'localhost' (using password: YES)
Tue Mar 17 16:14:53 UTC 2026 - INFO - Processing payment...
ERROR 1045 (28000): Access denied for user 'root'@'localhost' (using password: YES)
Tue Mar 17 16:14:54 UTC 2026 - INFO - Processing payment...
mysql: [Warning] Using a password on the command line interface can be insecure.
Tue Mar 17 16:14:55 UTC 2026 - INFO - Processing payment...
ERROR 1045 (28000): Access denied for user 'root'@'localhost' (using password: YES)
Tue Mar 17 16:14:58 UTC 2026 - INFO - Processing payment...
ERROR 1045 (28000): Access denied for user 'root'@'localhost' (using password: YES)
Tue Mar 17 16:14:59 UTC 2026 - INFO - Processing payment...
mysql: [Warning] Using a password on the command line interface can be insecure.
Tue Mar 17 16:15:00 UTC 2026 - INFO - Processing payment...
ERROR 1045 (28000): Access denied for user 'root'@'localhost' (using password: YES)
Tue Mar 17 16:15:03 UTC 2026 - INFO - Processing payment...
ERROR 1045 (28000): Access denied for user 'root'@'localhost' (using password: YES)
Tue Mar 17 16:15:04 UTC 2026 - INFO - Processing payment...
mysql: [Warning] Using a password on the command line interface can be insecure.
Tue Mar 17 16:15:05 UTC 2026 - INFO - Processing payment...
ERROR 1045 (28000): Access denied for user 'root'@'localhost' (using password: YES)
Tue Mar 17 16:15:08 UTC 2026 - INFO - Processing payment...
ERROR 1045 (28000): Access denied for user 'root'@'localhost' (using password: YES)
Tue Mar 17 16:15:10 UTC 2026 - INFO - Processing payment...
mysql: [Warning] Using a password on the command line interface can be insecure.
Tue Mar 17 16:15:10 UTC 2026 - INFO - Processing payment...
ERROR 1045 (28000): Access denied for user 'root'@'localhost' (using password: YES)
Tue Mar 17 16:15:13 UTC 2026 - INFO - Processing payment...
ERROR 1045 (28000): Access denied for user 'root'@'localhost' (using password: YES)
Tue Mar 17 16:15:15 UTC 2026 - INFO - Processing payment...
mysql: [Warning] Using a password on the command line interface can be insecure.
Tue Mar 17 16:15:15 UTC 2026 - INFO - Processing payment...
ERROR 1045 (28000): Access denied for user 'root'@'localhost' (using password: YES)
Tue Mar 17 16:15:18 UTC 2026 - INFO - Processing payment...
ERROR 1045 (28000): Access denied for user 'root'@'localhost' (using password: YES)
Tue Mar 17 16:15:20 UTC 2026 - INFO - Processing payment...
mysql: [Warning] Using a password on the command line interface can be insecure.
Tue Mar 17 16:15:20 UTC 2026 - INFO - Processing payment...
ERROR 1045 (28000): Access denied for user 'root'@'localhost' (using password: YES)
Tue Mar 17 16:15:23 UTC 2026 - INFO - Processing payment...
ERROR 1045 (28000): Access denied for user 'root'@'localhost' (using password: YES)
Tue Mar 17 16:15:25 UTC 2026 - INFO - Processing payment...
mysql: [Warning] Using a password on the command line interface can be insecure.
Tue Mar 17 16:15:25 UTC 2026 - INFO - Processing payment...
ERROR 1045 (28000): Access denied for user 'root'@'localhost' (using password: YES)
Tue Mar 17 16:15:28 UTC 2026 - INFO - Processing payment...
ERROR 1045 (28000): Access denied for user 'root'@'localhost' (using password: YES)
Tue Mar 17 16:15:30 UTC 2026 - INFO - Processing payment...
mysql: [Warning] Using a password on the command line interface can be insecure.
Tue Mar 17 16:15:30 UTC 2026 - INFO - Processing payment...
ERROR 1045 (28000): Access denied for user 'root'@'localhost' (using password: YES)
Tue Mar 17 16:15:33 UTC 2026 - INFO - Processing payment...
ERROR 1045 (28000): Access denied for user 'root'@'localhost' (using password: YES)
Tue Mar 17 16:15:35 UTC 2026 - INFO - Processing payment...
mysql: [Warning] Using a password on the command line interface can be insecure.
Tue Mar 17 16:15:35 UTC 2026 - INFO - Processing payment...
ERROR 1045 (28000): Access denied for user 'root'@'localhost' (using password: YES)
Tue Mar 17 16:15:38 UTC 2026 - INFO - Processing payment...
ERROR 1045 (28000): Access denied for user 'root'@'localhost' (using password: YES)
Tue Mar 17 16:15:40 UTC 2026 - INFO - Processing payment...
Tue Mar 17 16:15:40 UTC 2026 - INFO - Processing payment...
ERROR 1045 (28000): Access denied for user 'root'@'localhost' (using password: YES)
mysql: [Warning] Using a password on the command line interface can be insecure.
Tue Mar 17 16:15:43 UTC 2026 - INFO - Processing payment...
ERROR 1045 (28000): Access denied for user 'root'@'localhost' (using password: YES)
Tue Mar 17 16:15:45 UTC 2026 - INFO - Processing payment...
ERROR 1045 (28000): Access denied for user 'root'@'localhost' (using password: YES)
Tue Mar 17 16:15:45 UTC 2026 - INFO - Processing payment...
mysql: [Warning] Using a password on the command line interface can be insecure.
Tue Mar 17 16:15:48 UTC 2026 - INFO - Processing payment...
ERROR 1045 (28000): Access denied for user 'root'@'localhost' (using password: YES)
Tue Mar 17 16:15:50 UTC 2026 - INFO - Processing payment...
ERROR 1045 (28000): Access denied for user 'root'@'localhost' (using password: YES)
Tue Mar 17 16:15:50 UTC 2026 - INFO - Processing payment...
mysql: [Warning] Using a password on the command line interface can be insecure.
Tue Mar 17 16:15:53 UTC 2026 - INFO - Processing payment...
ERROR 1045 (28000): Access denied for user 'root'@'localhost' (using password: YES)
Tue Mar 17 16:15:55 UTC 2026 - INFO - Processing payment...
ERROR 1045 (28000): Access denied for user 'root'@'localhost' (using password: YES)
Tue Mar 17 16:15:55 UTC 2026 - INFO - Processing payment...
mysql: [Warning] Using a password on the command line interface can be insecure.
Tue Mar 17 16:15:58 UTC 2026 - INFO - Processing payment...
ERROR 1045 (28000): Access denied for user 'root'@'localhost' (using password: YES)
Tue Mar 17 16:16:00 UTC 2026 - INFO - Processing payment...
ERROR 1045 (28000): Access denied for user 'root'@'localhost' (using password: YES)
Tue Mar 17 16:16:00 UTC 2026 - INFO - Processing payment...
mysql: [Warning] Using a password on the command line interface can be insecure.
Tue Mar 17 16:16:03 UTC 2026 - INFO - Processing payment...
ERROR 1045 (28000): Access denied for user 'root'@'localhost' (using password: YES)
Tue Mar 17 16:16:05 UTC 2026 - INFO - Processing payment...
ERROR 1045 (28000): Access denied for user 'root'@'localhost' (using password: YES)
Tue Mar 17 16:16:05 UTC 2026 - INFO - Processing payment...
mysql: [Warning] Using a password on the command line interface can be insecure.
Tue Mar 17 16:16:08 UTC 2026 - INFO - Processing payment...
ERROR 1045 (28000): Access denied for user 'root'@'localhost' (using password: YES)
Tue Mar 17 16:16:10 UTC 2026 - INFO - Processing payment...
ERROR 1045 (28000): Access denied for user 'root'@'localhost' (using password: YES)
Tue Mar 17 16:16:10 UTC 2026 - INFO - Processing payment...
mysql: [Warning] Using a password on the command line interface can be insecure.
Tue Mar 17 16:16:13 UTC 2026 - INFO - Processing payment...
ERROR 1045 (28000): Access denied for user 'root'@'localhost' (using password: YES)
Tue Mar 17 16:16:15 UTC 2026 - INFO - Processing payment...
ERROR 1045 (28000): Access denied for user 'root'@'localhost' (using password: YES)
Tue Mar 17 16:16:15 UTC 2026 - INFO - Processing payment...
mysql: [Warning] Using a password on the command line interface can be insecure.
Tue Mar 17 16:16:18 UTC 2026 - INFO - Processing payment...
ERROR 1045 (28000): Access denied for user 'root'@'localhost' (using password: YES)
Tue Mar 17 16:16:20 UTC 2026 - INFO - Processing payment...
ERROR 1045 (28000): Access denied for user 'root'@'localhost' (using password: YES)
Tue Mar 17 16:16:20 UTC 2026 - INFO - Processing payment...
mysql: [Warning] Using a password on the command line interface can be insecure.
Tue Mar 17 16:16:23 UTC 2026 - INFO - Processing payment...
ERROR 1045 (28000): Access denied for user 'root'@'localhost' (using password: YES)
Tue Mar 17 16:16:25 UTC 2026 - INFO - Processing payment...
ERROR 1045 (28000): Access denied for user 'root'@'localhost' (using password: YES)
Tue Mar 17 16:16:25 UTC 2026 - INFO - Processing payment...
mysql: [Warning] Using a password on the command line interface can be insecure.
Tue Mar 17 16:16:28 UTC 2026 - INFO - Processing payment...
ERROR 1045 (28000): Access denied for user 'root'@'localhost' (using password: YES)
Tue Mar 17 16:16:30 UTC 2026 - INFO - Processing payment...
ERROR 1045 (28000): Access denied for user 'root'@'localhost' (using password: YES)
Tue Mar 17 16:16:30 UTC 2026 - INFO - Processing payment...
mysql: [Warning] Using a password on the command line interface can be insecure.
Tue Mar 17 16:16:33 UTC 2026 - INFO - Processing payment...
ERROR 1045 (28000): Access denied for user 'root'@'localhost' (using password: YES)
Tue Mar 17 16:16:35 UTC 2026 - INFO - Processing payment...
ERROR 1045 (28000): Access denied for user 'root'@'localhost' (using password: YES)
Tue Mar 17 16:16:35 UTC 2026 - INFO - Processing payment...
mysql: [Warning] Using a password on the command line interface can be insecure.
Tue Mar 17 16:16:38 UTC 2026 - INFO - Processing payment...
ERROR 1045 (28000): Access denied for user 'root'@'localhost' (using password: YES)
Tue Mar 17 16:16:40 UTC 2026 - INFO - Processing payment...
ERROR 1045 (28000): Access denied for user 'root'@'localhost' (using password: YES)
Tue Mar 17 16:16:40 UTC 2026 - INFO - Processing payment...
mysql: [Warning] Using a password on the command line interface can be insecure.
Tue Mar 17 16:16:43 UTC 2026 - INFO - Processing payment...
ERROR 1045 (28000): Access denied for user 'root'@'localhost' (using password: YES)
Tue Mar 17 16:16:45 UTC 2026 - INFO - Processing payment...
ERROR 1045 (28000): Access denied for user 'root'@'localhost' (using password: YES)
Tue Mar 17 16:16:45 UTC 2026 - INFO - Processing payment...
mysql: [Warning] Using a password on the command line interface can be insecure.
Tue Mar 17 16:16:48 UTC 2026 - INFO - Processing payment...
ERROR 1045 (28000): Access denied for user 'root'@'localhost' (using password: YES)
Tue Mar 17 16:16:50 UTC 2026 - INFO - Processing payment...
ERROR 1045 (28000): Access denied for user 'root'@'localhost' (using password: YES)
Tue Mar 17 16:16:50 UTC 2026 - INFO - Processing payment...
mysql: [Warning] Using a password on the command line interface can be insecure.
Tue Mar 17 16:16:53 UTC 2026 - INFO - Processing payment...
ERROR 1045 (28000): Access denied for user 'root'@'localhost' (using password: YES)
Tue Mar 17 16:16:55 UTC 2026 - INFO - Processing payment...
ERROR 1045 (28000): Access denied for user 'root'@'localhost' (using password: YES)
Tue Mar 17 16:16:55 UTC 2026 - INFO - Processing payment...
mysql: [Warning] Using a password on the command line interface can be insecure.
Tue Mar 17 16:16:58 UTC 2026 - INFO - Processing payment...
ERROR 1045 (28000): Access denied for user 'root'@'localhost' (using password: YES)
Tue Mar 17 16:17:00 UTC 2026 - INFO - Processing payment...
ERROR 1045 (28000): Access denied for user 'root'@'localhost' (using password: YES)
Tue Mar 17 16:17:00 UTC 2026 - INFO - Processing payment...
mysql: [Warning] Using a password on the command line interface can be insecure.
Tue Mar 17 16:17:03 UTC 2026 - INFO - Processing payment...
ERROR 1045 (28000): Access denied for user 'root'@'localhost' (using password: YES)
Tue Mar 17 16:17:05 UTC 2026 - INFO - Processing payment...
ERROR 1045 (28000): Access denied for user 'root'@'localhost' (using password: YES)
Tue Mar 17 16:17:05 UTC 2026 - INFO - Processing payment...
mysql: [Warning] Using a password on the command line interface can be insecure.
Tue Mar 17 16:17:08 UTC 2026 - INFO - Processing payment...
ERROR 1045 (28000): Access denied for user 'root'@'localhost' (using password: YES)
Tue Mar 17 16:17:10 UTC 2026 - INFO - Processing payment...
ERROR 1045 (28000): Access denied for user 'root'@'localhost' (using password: YES)
Tue Mar 17 16:17:11 UTC 2026 - INFO - Processing payment...
mysql: [Warning] Using a password on the command line interface can be insecure.
Tue Mar 17 16:17:14 UTC 2026 - INFO - Processing payment...
ERROR 1045 (28000): Access denied for user 'root'@'localhost' (using password: YES)
Tue Mar 17 16:17:15 UTC 2026 - INFO - Processing payment...
ERROR 1045 (28000): Access denied for user 'root'@'localhost' (using password: YES)
Tue Mar 17 16:17:16 UTC 2026 - INFO - Processing payment...
mysql: [Warning] Using a password on the command line interface can be insecure.
Tue Mar 17 16:17:19 UTC 2026 - INFO - Processing payment...
ERROR 1045 (28000): Access denied for user 'root'@'localhost' (using password: YES)
Tue Mar 17 16:17:20 UTC 2026 - INFO - Processing payment...
ERROR 1045 (28000): Access denied for user 'root'@'localhost' (using password: YES)
Tue Mar 17 16:17:21 UTC 2026 - INFO - Processing payment...
mysql: [Warning] Using a password on the command line interface can be insecure.
Tue Mar 17 16:17:24 UTC 2026 - INFO - Processing payment...
ERROR 1045 (28000): Access denied for user 'root'@'localhost' (using password: YES)
Tue Mar 17 16:17:25 UTC 2026 - INFO - Processing payment...
ERROR 1045 (28000): Access denied for user 'root'@'localhost' (using password: YES)
Tue Mar 17 16:17:26 UTC 2026 - INFO - Processing payment...
mysql: [Warning] Using a password on the command line interface can be insecure.
Tue Mar 17 16:17:29 UTC 2026 - INFO - Processing payment...
ERROR 1045 (28000): Access denied for user 'root'@'localhost' (using password: YES)
Tue Mar 17 16:17:30 UTC 2026 - INFO - Processing payment...
ERROR 1045 (28000): Access denied for user 'root'@'localhost' (using password: YES)
Tue Mar 17 16:17:31 UTC 2026 - INFO - Processing payment...
mysql: [Warning] Using a password on the command line interface can be insecure.
Tue Mar 17 16:17:34 UTC 2026 - INFO - Processing payment...
ERROR 1045 (28000): Access denied for user 'root'@'localhost' (using password: YES)
Tue Mar 17 16:17:35 UTC 2026 - INFO - Processing payment...
ERROR 1045 (28000): Access denied for user 'root'@'localhost' (using password: YES)
Tue Mar 17 16:17:36 UTC 2026 - INFO - Processing payment...
mysql: [Warning] Using a password on the command line interface can be insecure.
Tue Mar 17 16:17:39 UTC 2026 - INFO - Processing payment...
ERROR 1045 (28000): Access denied for user 'root'@'localhost' (using password: YES)
Tue Mar 17 16:17:41 UTC 2026 - INFO - Processing payment...
ERROR 1045 (28000): Access denied for user 'root'@'localhost' (using password: YES)
Tue Mar 17 16:17:41 UTC 2026 - INFO - Processing payment...
mysql: [Warning] Using a password on the command line interface can be insecure.
Tue Mar 17 16:17:44 UTC 2026 - INFO - Processing payment...
ERROR 1045 (28000): Access denied for user 'root'@'localhost' (using password: YES)
Tue Mar 17 16:17:46 UTC 2026 - INFO - Processing payment...
ERROR 1045 (28000): Access denied for user 'root'@'localhost' (using password: YES)
Tue Mar 17 16:17:46 UTC 2026 - INFO - Processing payment...
mysql: [Warning] Using a password on the command line interface can be insecure.
Tue Mar 17 16:17:49 UTC 2026 - INFO - Processing payment...
ERROR 1045 (28000): Access denied for user 'root'@'localhost' (using password: YES)
Tue Mar 17 16:17:51 UTC 2026 - INFO - Processing payment...
ERROR 1045 (28000): Access denied for user 'root'@'localhost' (using password: YES)
Tue Mar 17 16:17:51 UTC 2026 - INFO - Processing payment...
mysql: [Warning] Using a password on the command line interface can be insecure.
Tue Mar 17 16:17:54 UTC 2026 - INFO - Processing payment...
ERROR 1045 (28000): Access denied for user 'root'@'localhost' (using password: YES)
Tue Mar 17 16:17:56 UTC 2026 - INFO - Processing payment...
ERROR 1045 (28000): Access denied for user 'root'@'localhost' (using password: YES)
Tue Mar 17 16:17:56 UTC 2026 - INFO - Processing payment...
mysql: [Warning] Using a password on the command line interface can be insecure.
Tue Mar 17 16:17:59 UTC 2026 - INFO - Processing payment...
ERROR 1045 (28000): Access denied for user 'root'@'localhost' (using password: YES)
Tue Mar 17 16:18:01 UTC 2026 - INFO - Processing payment...
ERROR 1045 (28000): Access denied for user 'root'@'localhost' (using password: YES)
Tue Mar 17 16:18:01 UTC 2026 - INFO - Processing payment...
mysql: [Warning] Using a password on the command line interface can be insecure.
Tue Mar 17 16:18:04 UTC 2026 - INFO - Processing payment...
ERROR 1045 (28000): Access denied for user 'root'@'localhost' (using password: YES)
Tue Mar 17 16:18:06 UTC 2026 - INFO - Processing payment...
ERROR 1045 (28000): Access denied for user 'root'@'localhost' (using password: YES)
Tue Mar 17 16:18:06 UTC 2026 - INFO - Processing payment...
mysql: [Warning] Using a password on the command line interface can be insecure.
Tue Mar 17 16:18:09 UTC 2026 - INFO - Processing payment...
ERROR 1045 (28000): Access denied for user 'root'@'localhost' (using password: YES)
Tue Mar 17 16:18:11 UTC 2026 - INFO - Processing payment...
ERROR 1045 (28000): Access denied for user 'root'@'localhost' (using password: YES)
Tue Mar 17 16:18:11 UTC 2026 - INFO - Processing payment...
mysql: [Warning] Using a password on the command line interface can be insecure.
Tue Mar 17 16:18:14 UTC 2026 - INFO - Processing payment...
ERROR 1045 (28000): Access denied for user 'root'@'localhost' (using password: YES)
Tue Mar 17 16:18:16 UTC 2026 - INFO - Processing payment...
ERROR 1045 (28000): Access denied for user 'root'@'localhost' (using password: YES)
Tue Mar 17 16:18:16 UTC 2026 - INFO - Processing payment...
mysql: [Warning] Using a password on the command line interface can be insecure.
Tue Mar 17 16:18:19 UTC 2026 - INFO - Processing payment...
ERROR 1045 (28000): Access denied for user 'root'@'localhost' (using password: YES)
Tue Mar 17 16:18:21 UTC 2026 - INFO - Processing payment...
ERROR 1045 (28000): Access denied for user 'root'@'localhost' (using password: YES)
Tue Mar 17 16:18:21 UTC 2026 - INFO - Processing payment...
mysql: [Warning] Using a password on the command line interface can be insecure.
Tue Mar 17 16:18:24 UTC 2026 - INFO - Processing payment...
ERROR 1045 (28000): Access denied for user 'root'@'localhost' (using password: YES)
Tue Mar 17 16:18:26 UTC 2026 - INFO - Processing payment...
ERROR 1045 (28000): Access denied for user 'root'@'localhost' (using password: YES)
Tue Mar 17 16:18:26 UTC 2026 - INFO - Processing payment...
mysql: [Warning] Using a password on the command line interface can be insecure.
Tue Mar 17 16:18:29 UTC 2026 - INFO - Processing payment...
ERROR 1045 (28000): Access denied for user 'root'@'localhost' (using password: YES)
Tue Mar 17 16:18:31 UTC 2026 - INFO - Processing payment...
ERROR 1045 (28000): Access denied for user 'root'@'localhost' (using password: YES)
Tue Mar 17 16:18:31 UTC 2026 - INFO - Processing payment...
mysql: [Warning] Using a password on the command line interface can be insecure.
Tue Mar 17 16:18:34 UTC 2026 - INFO - Processing payment...
ERROR 1045 (28000): Access denied for user 'root'@'localhost' (using password: YES)
Tue Mar 17 16:18:36 UTC 2026 - INFO - Processing payment...
ERROR 1045 (28000): Access denied for user 'root'@'localhost' (using password: YES)
Tue Mar 17 16:18:36 UTC 2026 - INFO - Processing payment...
mysql: [Warning] Using a password on the command line interface can be insecure.
Tue Mar 17 16:18:39 UTC 2026 - INFO - Processing payment...
ERROR 1045 (28000): Access denied for user 'root'@'localhost' (using password: YES)
Tue Mar 17 16:18:41 UTC 2026 - INFO - Processing payment...
ERROR 1045 (28000): Access denied for user 'root'@'localhost' (using password: YES)
Tue Mar 17 16:18:41 UTC 2026 - INFO - Processing payment...
mysql: [Warning] Using a password on the command line interface can be insecure.
Tue Mar 17 16:18:44 UTC 2026 - INFO - Processing payment...
ERROR 1045 (28000): Access denied for user 'root'@'localhost' (using password: YES)
Tue Mar 17 16:18:46 UTC 2026 - INFO - Processing payment...
ERROR 1045 (28000): Access denied for user 'root'@'localhost' (using password: YES)
Tue Mar 17 16:18:47 UTC 2026 - INFO - Processing payment...
mysql: [Warning] Using a password on the command line interface can be insecure.
Tue Mar 17 16:18:49 UTC 2026 - INFO - Processing payment...
ERROR 1045 (28000): Access denied for user 'root'@'localhost' (using password: YES)
Tue Mar 17 16:18:51 UTC 2026 - INFO - Processing payment...
ERROR 1045 (28000): Access denied for user 'root'@'localhost' (using password: YES)
Tue Mar 17 16:18:52 UTC 2026 - INFO - Processing payment...
mysql: [Warning] Using a password on the command line interface can be insecure.
Tue Mar 17 16:18:54 UTC 2026 - INFO - Processing payment...
ERROR 1045 (28000): Access denied for user 'root'@'localhost' (using password: YES)
Tue Mar 17 16:18:56 UTC 2026 - INFO - Processing payment...
ERROR 1045 (28000): Access denied for user 'root'@'localhost' (using password: YES)
Tue Mar 17 16:18:57 UTC 2026 - INFO - Processing payment...
mysql: [Warning] Using a password on the command line interface can be insecure.
Tue Mar 17 16:18:59 UTC 2026 - INFO - Processing payment...
ERROR 1045 (28000): Access denied for user 'root'@'localhost' (using password: YES)
Tue Mar 17 16:19:01 UTC 2026 - INFO - Processing payment...
ERROR 1045 (28000): Access denied for user 'root'@'localhost' (using password: YES)
Tue Mar 17 16:19:02 UTC 2026 - INFO - Processing payment...
mysql: [Warning] Using a password on the command line interface can be insecure.
Tue Mar 17 16:19:04 UTC 2026 - INFO - Processing payment...
ERROR 1045 (28000): Access denied for user 'root'@'localhost' (using password: YES)
Tue Mar 17 16:19:06 UTC 2026 - INFO - Processing payment...
ERROR 1045 (28000): Access denied for user 'root'@'localhost' (using password: YES)
Tue Mar 17 16:19:07 UTC 2026 - INFO - Processing payment...
mysql: [Warning] Using a password on the command line interface can be insecure.
Tue Mar 17 16:19:09 UTC 2026 - INFO - Processing payment...
ERROR 1045 (28000): Access denied for user 'root'@'localhost' (using password: YES)
Tue Mar 17 16:19:11 UTC 2026 - INFO - Processing payment...
ERROR 1045 (28000): Access denied for user 'root'@'localhost' (using password: YES)
Tue Mar 17 16:19:12 UTC 2026 - INFO - Processing payment...
mysql: [Warning] Using a password on the command line interface can be insecure.
Tue Mar 17 16:19:14 UTC 2026 - INFO - Processing payment...
ERROR 1045 (28000): Access denied for user 'root'@'localhost' (using password: YES)
Tue Mar 17 16:19:16 UTC 2026 - INFO - Processing payment...
ERROR 1045 (28000): Access denied for user 'root'@'localhost' (using password: YES)
Tue Mar 17 16:19:17 UTC 2026 - INFO - Processing payment...
mysql: [Warning] Using a password on the command line interface can be insecure.
Tue Mar 17 16:19:19 UTC 2026 - INFO - Processing payment...
ERROR 1045 (28000): Access denied for user 'root'@'localhost' (using password: YES)
Tue Mar 17 16:19:21 UTC 2026 - INFO - Processing payment...
ERROR 1045 (28000): Access denied for user 'root'@'localhost' (using password: YES)
Tue Mar 17 16:19:22 UTC 2026 - INFO - Processing payment...
mysql: [Warning] Using a password on the command line interface can be insecure.
Tue Mar 17 16:19:24 UTC 2026 - INFO - Processing payment...
ERROR 1045 (28000): Access denied for user 'root'@'localhost' (using password: YES)
Tue Mar 17 16:19:26 UTC 2026 - INFO - Processing payment...
ERROR 1045 (28000): Access denied for user 'root'@'localhost' (using password: YES)
Tue Mar 17 16:19:27 UTC 2026 - INFO - Processing payment...
mysql: [Warning] Using a password on the command line interface can be insecure.
Tue Mar 17 16:19:29 UTC 2026 - INFO - Processing payment...
ERROR 1045 (28000): Access denied for user 'root'@'localhost' (using password: YES)
Tue Mar 17 16:19:31 UTC 2026 - INFO - Processing payment...
ERROR 1045 (28000): Access denied for user 'root'@'localhost' (using password: YES)
Tue Mar 17 16:19:32 UTC 2026 - INFO - Processing payment...
mysql: [Warning] Using a password on the command line interface can be insecure.
Tue Mar 17 16:19:34 UTC 2026 - INFO - Processing payment...
ERROR 1045 (28000): Access denied for user 'root'@'localhost' (using password: YES)
Tue Mar 17 16:19:36 UTC 2026 - INFO - Processing payment...
ERROR 1045 (28000): Access denied for user 'root'@'localhost' (using password: YES)
Tue Mar 17 16:19:37 UTC 2026 - INFO - Processing payment...
mysql: [Warning] Using a password on the command line interface can be insecure.
Tue Mar 17 16:19:39 UTC 2026 - INFO - Processing payment...
ERROR 1045 (28000): Access denied for user 'root'@'localhost' (using password: YES)
Tue Mar 17 16:19:41 UTC 2026 - INFO - Processing payment...
ERROR 1045 (28000): Access denied for user 'root'@'localhost' (using password: YES)
Tue Mar 17 16:19:42 UTC 2026 - INFO - Processing payment...
mysql: [Warning] Using a password on the command line interface can be insecure.
Tue Mar 17 16:19:44 UTC 2026 - INFO - Processing payment...
ERROR 1045 (28000): Access denied for user 'root'@'localhost' (using password: YES)
Tue Mar 17 16:19:46 UTC 2026 - INFO - Processing payment...
ERROR 1045 (28000): Access denied for user 'root'@'localhost' (using password: YES)
Tue Mar 17 16:19:47 UTC 2026 - INFO - Processing payment...
mysql: [Warning] Using a password on the command line interface can be insecure.
Tue Mar 17 16:19:49 UTC 2026 - INFO - Processing payment...
ERROR 1045 (28000): Access denied for user 'root'@'localhost' (using password: YES)
Tue Mar 17 16:19:51 UTC 2026 - INFO - Processing payment...
ERROR 1045 (28000): Access denied for user 'root'@'localhost' (using password: YES)
Tue Mar 17 16:19:52 UTC 2026 - INFO - Processing payment...
mysql: [Warning] Using a password on the command line interface can be insecure.
Tue Mar 17 16:19:55 UTC 2026 - INFO - Processing payment...
ERROR 1045 (28000): Access denied for user 'root'@'localhost' (using password: YES)
Tue Mar 17 16:19:56 UTC 2026 - INFO - Processing payment...
ERROR 1045 (28000): Access denied for user 'root'@'localhost' (using password: YES)
Tue Mar 17 16:19:57 UTC 2026 - INFO - Processing payment...
mysql: [Warning] Using a password on the command line interface can be insecure.
Tue Mar 17 16:20:00 UTC 2026 - INFO - Processing payment...
ERROR 1045 (28000): Access denied for user 'root'@'localhost' (using password: YES)
Tue Mar 17 16:20:02 UTC 2026 - INFO - Processing payment...
ERROR 1045 (28000): Access denied for user 'root'@'localhost' (using password: YES)
Tue Mar 17 16:20:02 UTC 2026 - INFO - Processing payment...
mysql: [Warning] Using a password on the command line interface can be insecure.
Tue Mar 17 16:20:05 UTC 2026 - INFO - Processing payment...
ERROR 1045 (28000): Access denied for user 'root'@'localhost' (using password: YES)
Tue Mar 17 16:20:07 UTC 2026 - INFO - Processing payment...
ERROR 1045 (28000): Access denied for user 'root'@'localhost' (using password: YES)
Tue Mar 17 16:20:07 UTC 2026 - INFO - Processing payment...
mysql: [Warning] Using a password on the command line interface can be insecure.
Tue Mar 17 16:20:10 UTC 2026 - INFO - Processing payment...
ERROR 1045 (28000): Access denied for user 'root'@'localhost' (using password: YES)
Tue Mar 17 16:20:12 UTC 2026 - INFO - Processing payment...
ERROR 1045 (28000): Access denied for user 'root'@'localhost' (using password: YES)
Tue Mar 17 16:20:12 UTC 2026 - INFO - Processing payment...
mysql: [Warning] Using a password on the command line interface can be insecure.
Tue Mar 17 16:20:15 UTC 2026 - INFO - Processing payment...
ERROR 1045 (28000): Access denied for user 'root'@'localhost' (using password: YES)
Tue Mar 17 16:20:17 UTC 2026 - INFO - Processing payment...
ERROR 1045 (28000): Access denied for user 'root'@'localhost' (using password: YES)
Tue Mar 17 16:20:17 UTC 2026 - INFO - Processing payment...
mysql: [Warning] Using a password on the command line interface can be insecure.
Tue Mar 17 16:20:20 UTC 2026 - INFO - Processing payment...
ERROR 1045 (28000): Access denied for user 'root'@'localhost' (using password: YES)
Tue Mar 17 16:20:22 UTC 2026 - INFO - Processing payment...
ERROR 1045 (28000): Access denied for user 'root'@'localhost' (using password: YES)
Tue Mar 17 16:20:22 UTC 2026 - INFO - Processing payment...
mysql: [Warning] Using a password on the command line interface can be insecure.
Tue Mar 17 16:20:25 UTC 2026 - INFO - Processing payment...
ERROR 1045 (28000): Access denied for user 'root'@'localhost' (using password: YES)
Tue Mar 17 16:20:27 UTC 2026 - INFO - Processing payment...
ERROR 1045 (28000): Access denied for user 'root'@'localhost' (using password: YES)
Tue Mar 17 16:20:27 UTC 2026 - INFO - Processing payment...
mysql: [Warning] Using a password on the command line interface can be insecure.
Tue Mar 17 16:20:30 UTC 2026 - INFO - Processing payment...
ERROR 1045 (28000): Access denied for user 'root'@'localhost' (using password: YES)
Tue Mar 17 16:20:32 UTC 2026 - INFO - Processing payment...
ERROR 1045 (28000): Access denied for user 'root'@'localhost' (using password: YES)
Tue Mar 17 16:20:33 UTC 2026 - INFO - Processing payment...
mysql: [Warning] Using a password on the command line interface can be insecure.
Tue Mar 17 16:20:35 UTC 2026 - INFO - Processing payment...
ERROR 1045 (28000): Access denied for user 'root'@'localhost' (using password: YES)
Tue Mar 17 16:20:37 UTC 2026 - INFO - Processing payment...
ERROR 1045 (28000): Access denied for user 'root'@'localhost' (using password: YES)
Tue Mar 17 16:20:38 UTC 2026 - INFO - Processing payment...
mysql: [Warning] Using a password on the command line interface can be insecure.
Tue Mar 17 16:20:40 UTC 2026 - INFO - Processing payment...
ERROR 1045 (28000): Access denied for user 'root'@'localhost' (using password: YES)
Tue Mar 17 16:20:42 UTC 2026 - INFO - Processing payment...
ERROR 1045 (28000): Access denied for user 'root'@'localhost' (using password: YES)
Tue Mar 17 16:20:43 UTC 2026 - INFO - Processing payment...
mysql: [Warning] Using a password on the command line interface can be insecure.
Tue Mar 17 16:20:45 UTC 2026 - INFO - Processing payment...
ERROR 1045 (28000): Access denied for user 'root'@'localhost' (using password: YES)
Tue Mar 17 16:20:47 UTC 2026 - INFO - Processing payment...
ERROR 1045 (28000): Access denied for user 'root'@'localhost' (using password: YES)
Tue Mar 17 16:20:48 UTC 2026 - INFO - Processing payment...
mysql: [Warning] Using a password on the command line interface can be insecure.
Tue Mar 17 16:20:50 UTC 2026 - INFO - Processing payment...
ERROR 1045 (28000): Access denied for user 'root'@'localhost' (using password: YES)
Tue Mar 17 16:20:52 UTC 2026 - INFO - Processing payment...
ERROR 1045 (28000): Access denied for user 'root'@'localhost' (using password: YES)
Tue Mar 17 16:20:53 UTC 2026 - INFO - Processing payment...
mysql: [Warning] Using a password on the command line interface can be insecure.
Tue Mar 17 16:20:55 UTC 2026 - INFO - Processing payment...
ERROR 1045 (28000): Access denied for user 'root'@'localhost' (using password: YES)
Tue Mar 17 16:20:57 UTC 2026 - INFO - Processing payment...
ERROR 1045 (28000): Access denied for user 'root'@'localhost' (using password: YES)
Tue Mar 17 16:20:58 UTC 2026 - INFO - Processing payment...
mysql: [Warning] Using a password on the command line interface can be insecure.
Tue Mar 17 16:21:00 UTC 2026 - INFO - Processing payment...
ERROR 1045 (28000): Access denied for user 'root'@'localhost' (using password: YES)
Tue Mar 17 16:21:02 UTC 2026 - INFO - Processing payment...
ERROR 1045 (28000): Access denied for user 'root'@'localhost' (using password: YES)
Tue Mar 17 16:21:03 UTC 2026 - INFO - Processing payment...
mysql: [Warning] Using a password on the command line interface can be insecure.
Tue Mar 17 16:21:05 UTC 2026 - INFO - Processing payment...
ERROR 1045 (28000): Access denied for user 'root'@'localhost' (using password: YES)
Tue Mar 17 16:21:07 UTC 2026 - INFO - Processing payment...
ERROR 1045 (28000): Access denied for user 'root'@'localhost' (using password: YES)
Tue Mar 17 16:21:08 UTC 2026 - INFO - Processing payment...
mysql: [Warning] Using a password on the command line interface can be insecure.
Tue Mar 17 16:21:10 UTC 2026 - INFO - Processing payment...
ERROR 1045 (28000): Access denied for user 'root'@'localhost' (using password: YES)
Tue Mar 17 16:21:12 UTC 2026 - INFO - Processing payment...
ERROR 1045 (28000): Access denied for user 'root'@'localhost' (using password: YES)
Tue Mar 17 16:21:13 UTC 2026 - INFO - Processing payment...
mysql: [Warning] Using a password on the command line interface can be insecure.
Tue Mar 17 16:21:15 UTC 2026 - INFO - Processing payment...
ERROR 1045 (28000): Access denied for user 'root'@'localhost' (using password: YES)
Tue Mar 17 16:21:17 UTC 2026 - INFO - Processing payment...
ERROR 1045 (28000): Access denied for user 'root'@'localhost' (using password: YES)
Tue Mar 17 16:21:18 UTC 2026 - INFO - Processing payment...
mysql: [Warning] Using a password on the command line interface can be insecure.
Tue Mar 17 16:21:20 UTC 2026 - INFO - Processing payment...
ERROR 1045 (28000): Access denied for user 'root'@'localhost' (using password: YES)
Tue Mar 17 16:21:22 UTC 2026 - INFO - Processing payment...
ERROR 1045 (28000): Access denied for user 'root'@'localhost' (using password: YES)
Tue Mar 17 16:21:23 UTC 2026 - INFO - Processing payment...
mysql: [Warning] Using a password on the command line interface can be insecure.
Tue Mar 17 16:21:25 UTC 2026 - INFO - Processing payment...
ERROR 1045 (28000): Access denied for user 'root'@'localhost' (using password: YES)
Tue Mar 17 16:21:27 UTC 2026 - INFO - Processing payment...
ERROR 1045 (28000): Access denied for user 'root'@'localhost' (using password: YES)
Tue Mar 17 16:21:28 UTC 2026 - INFO - Processing payment...
mysql: [Warning] Using a password on the command line interface can be insecure.
Tue Mar 17 16:21:30 UTC 2026 - INFO - Processing payment...
ERROR 1045 (28000): Access denied for user 'root'@'localhost' (using password: YES)
Tue Mar 17 16:21:32 UTC 2026 - INFO - Processing payment...
ERROR 1045 (28000): Access denied for user 'root'@'localhost' (using password: YES)
Tue Mar 17 16:21:33 UTC 2026 - INFO - Processing payment...
mysql: [Warning] Using a password on the command line interface can be insecure.
Tue Mar 17 16:21:35 UTC 2026 - INFO - Processing payment...
ERROR 1045 (28000): Access denied for user 'root'@'localhost' (using password: YES)
Tue Mar 17 16:21:37 UTC 2026 - INFO - Processing payment...
ERROR 1045 (28000): Access denied for user 'root'@'localhost' (using password: YES)
Tue Mar 17 16:21:38 UTC 2026 - INFO - Processing payment...
mysql: [Warning] Using a password on the command line interface can be insecure.
Tue Mar 17 16:21:40 UTC 2026 - INFO - Processing payment...
ERROR 1045 (28000): Access denied for user 'root'@'localhost' (using password: YES)
Tue Mar 17 16:21:42 UTC 2026 - INFO - Processing payment...
ERROR 1045 (28000): Access denied for user 'root'@'localhost' (using password: YES)
Tue Mar 17 16:21:43 UTC 2026 - INFO - Processing payment...
mysql: [Warning] Using a password on the command line interface can be insecure.
ERROR 1045 (28000): Access denied for user 'root'@'localhost' (using password: NO)
Tue Mar 17 16:24:30 UTC 2026 - INFO - Processing payment...
ERROR 1045 (28000): Access denied for user 'root'@'localhost' (using password: YES)
Tue Mar 17 16:24:35 UTC 2026 - INFO - Processing payment...
ERROR 1045 (28000): Access denied for user 'root'@'localhost' (using password: YES)
Tue Mar 17 16:24:40 UTC 2026 - INFO - Processing payment...
ERROR 1045 (28000): Access denied for user 'root'@'localhost' (using password: YES)
Tue Mar 17 16:24:45 UTC 2026 - INFO - Processing payment...
ERROR 1045 (28000): Access denied for user 'root'@'localhost' (using password: YES)
Tue Mar 17 16:24:50 UTC 2026 - INFO - Processing payment...
ERROR 1045 (28000): Access denied for user 'root'@'localhost' (using password: YES)
Tue Mar 17 16:24:55 UTC 2026 - INFO - Processing payment...
ERROR 1045 (28000): Access denied for user 'root'@'localhost' (using password: YES)
Tue Mar 17 16:25:00 UTC 2026 - INFO - Processing payment...
ERROR 1045 (28000): Access denied for user 'root'@'localhost' (using password: YES)
Tue Mar 17 16:25:05 UTC 2026 - INFO - Processing payment...
ERROR 1045 (28000): Access denied for user 'root'@'localhost' (using password: YES)
Tue Mar 17 16:25:10 UTC 2026 - INFO - Processing payment...
ERROR 1045 (28000): Access denied for user 'root'@'localhost' (using password: YES)
Tue Mar 17 16:25:15 UTC 2026 - INFO - Processing payment...
ERROR 1045 (28000): Access denied for user 'root'@'localhost' (using password: YES)
Tue Mar 17 16:25:21 UTC 2026 - INFO - Processing payment...
ERROR 1045 (28000): Access denied for user 'root'@'localhost' (using password: YES)
Tue Mar 17 16:25:26 UTC 2026 - INFO - Processing payment...
ERROR 1045 (28000): Access denied for user 'root'@'localhost' (using password: YES)
Tue Mar 17 16:25:31 UTC 2026 - INFO - Processing payment...
ERROR 1045 (28000): Access denied for user 'root'@'localhost' (using password: YES)
Tue Mar 17 16:25:36 UTC 2026 - INFO - Processing payment...
ERROR 1045 (28000): Access denied for user 'root'@'localhost' (using password: YES)
Tue Mar 17 16:25:41 UTC 2026 - INFO - Processing payment...
ERROR 1045 (28000): Access denied for user 'root'@'localhost' (using password: YES)
Tue Mar 17 16:25:46 UTC 2026 - INFO - Processing payment...
ERROR 1045 (28000): Access denied for user 'root'@'localhost' (using password: YES)
Tue Mar 17 16:25:51 UTC 2026 - INFO - Processing payment...
ERROR 1045 (28000): Access denied for user 'root'@'localhost' (using password: YES)
Tue Mar 17 16:25:56 UTC 2026 - INFO - Processing payment...
ERROR 1045 (28000): Access denied for user 'root'@'localhost' (using password: YES)
Tue Mar 17 16:26:01 UTC 2026 - INFO - Processing payment...
ERROR 1045 (28000): Access denied for user 'root'@'localhost' (using password: YES)
Tue Mar 17 16:26:06 UTC 2026 - INFO - Processing payment...
ERROR 1045 (28000): Access denied for user 'root'@'localhost' (using password: YES)
Tue Mar 17 16:26:11 UTC 2026 - INFO - Processing payment...
ERROR 1045 (28000): Access denied for user 'root'@'localhost' (using password: YES)
Tue Mar 17 16:26:16 UTC 2026 - INFO - Processing payment...
ERROR 1045 (28000): Access denied for user 'root'@'localhost' (using password: YES)
Tue Mar 17 16:26:21 UTC 2026 - INFO - Processing payment...
ERROR 1045 (28000): Access denied for user 'root'@'localhost' (using password: YES)
Tue Mar 17 16:26:26 UTC 2026 - INFO - Processing payment...
ERROR 1045 (28000): Access denied for user 'root'@'localhost' (using password: YES)
Tue Mar 17 16:26:31 UTC 2026 - INFO - Processing payment...
ERROR 1045 (28000): Access denied for user 'root'@'localhost' (using password: YES)
Tue Mar 17 16:26:36 UTC 2026 - INFO - Processing payment...
ERROR 1045 (28000): Access denied for user 'root'@'localhost' (using password: YES)
Tue Mar 17 16:26:41 UTC 2026 - INFO - Processing payment...
ERROR 1045 (28000): Access denied for user 'root'@'localhost' (using password: YES)
Tue Mar 17 16:26:46 UTC 2026 - INFO - Processing payment...
ERROR 1045 (28000): Access denied for user 'root'@'localhost' (using password: YES)
Tue Mar 17 16:26:51 UTC 2026 - INFO - Processing payment...
ERROR 1045 (28000): Access denied for user 'root'@'localhost' (using password: YES)
Tue Mar 17 16:26:56 UTC 2026 - INFO - Processing payment...
ERROR 1045 (28000): Access denied for user 'root'@'localhost' (using password: YES)
Tue Mar 17 16:27:01 UTC 2026 - INFO - Processing payment...
ERROR 1045 (28000): Access denied for user 'root'@'localhost' (using password: YES)
Tue Mar 17 16:27:06 UTC 2026 - INFO - Processing payment...
ERROR 1045 (28000): Access denied for user 'root'@'localhost' (using password: YES)
Tue Mar 17 16:27:11 UTC 2026 - INFO - Processing payment...
ERROR 1045 (28000): Access denied for user 'root'@'localhost' (using password: YES)
Tue Mar 17 16:27:16 UTC 2026 - INFO - Processing payment...
ERROR 1045 (28000): Access denied for user 'root'@'localhost' (using password: YES)
Tue Mar 17 16:27:21 UTC 2026 - INFO - Processing payment...
ERROR 1045 (28000): Access denied for user 'root'@'localhost' (using password: YES)
Tue Mar 17 16:27:26 UTC 2026 - INFO - Processing payment...
ERROR 1045 (28000): Access denied for user 'root'@'localhost' (using password: YES)
Tue Mar 17 16:27:31 UTC 2026 - INFO - Processing payment...
ERROR 1045 (28000): Access denied for user 'root'@'localhost' (using password: YES)
Tue Mar 17 16:27:37 UTC 2026 - INFO - Processing payment...
ERROR 1045 (28000): Access denied for user 'root'@'localhost' (using password: YES)
Tue Mar 17 16:27:42 UTC 2026 - INFO - Processing payment...
ERROR 1045 (28000): Access denied for user 'root'@'localhost' (using password: YES)
Tue Mar 17 16:27:47 UTC 2026 - INFO - Processing payment...
ERROR 1045 (28000): Access denied for user 'root'@'localhost' (using password: YES)
Tue Mar 17 16:27:52 UTC 2026 - INFO - Processing payment...
ERROR 1045 (28000): Access denied for user 'root'@'localhost' (using password: YES)
Tue Mar 17 16:27:57 UTC 2026 - INFO - Processing payment...
ERROR 1045 (28000): Access denied for user 'root'@'localhost' (using password: YES)
Tue Mar 17 16:28:02 UTC 2026 - INFO - Processing payment...
ERROR 1045 (28000): Access denied for user 'root'@'localhost' (using password: YES)
Tue Mar 17 16:28:07 UTC 2026 - INFO - Processing payment...
ERROR 1045 (28000): Access denied for user 'root'@'localhost' (using password: YES)
Tue Mar 17 16:28:12 UTC 2026 - INFO - Processing payment...
ERROR 1045 (28000): Access denied for user 'root'@'localhost' (using password: YES)
Tue Mar 17 16:28:17 UTC 2026 - INFO - Processing payment...
ERROR 1045 (28000): Access denied for user 'root'@'localhost' (using password: YES)
Tue Mar 17 16:28:22 UTC 2026 - INFO - Processing payment...
ERROR 1045 (28000): Access denied for user 'root'@'localhost' (using password: YES)
Tue Mar 17 16:28:27 UTC 2026 - INFO - Processing payment...
ERROR 1045 (28000): Access denied for user 'root'@'localhost' (using password: YES)
Tue Mar 17 16:28:32 UTC 2026 - INFO - Processing payment...
ERROR 1045 (28000): Access denied for user 'root'@'localhost' (using password: YES)
Tue Mar 17 16:28:37 UTC 2026 - INFO - Processing payment...
ERROR 1045 (28000): Access denied for user 'root'@'localhost' (using password: YES)
Tue Mar 17 16:28:42 UTC 2026 - INFO - Processing payment...
ERROR 1045 (28000): Access denied for user 'root'@'localhost' (using password: YES)
Tue Mar 17 16:28:47 UTC 2026 - INFO - Processing payment...
ERROR 1045 (28000): Access denied for user 'root'@'localhost' (using password: YES)
Tue Mar 17 16:28:52 UTC 2026 - INFO - Processing payment...
ERROR 1045 (28000): Access denied for user 'root'@'localhost' (using password: YES)
Tue Mar 17 16:28:57 UTC 2026 - INFO - Processing payment...
ERROR 1045 (28000): Access denied for user 'root'@'localhost' (using password: YES)
Tue Mar 17 16:29:02 UTC 2026 - INFO - Processing payment...
ERROR 1045 (28000): Access denied for user 'root'@'localhost' (using password: YES)
Tue Mar 17 16:29:07 UTC 2026 - INFO - Processing payment...
ERROR 1045 (28000): Access denied for user 'root'@'localhost' (using password: YES)
Tue Mar 17 16:29:12 UTC 2026 - INFO - Processing payment...
ERROR 1045 (28000): Access denied for user 'root'@'localhost' (using password: YES)
Tue Mar 17 16:29:17 UTC 2026 - INFO - Processing payment...
ERROR 1045 (28000): Access denied for user 'root'@'localhost' (using password: YES)
Tue Mar 17 16:29:22 UTC 2026 - INFO - Processing payment...
ERROR 1045 (28000): Access denied for user 'root'@'localhost' (using password: YES)
Tue Mar 17 16:29:27 UTC 2026 - INFO - Processing payment...
ERROR 1045 (28000): Access denied for user 'root'@'localhost' (using password: YES)
Tue Mar 17 16:29:32 UTC 2026 - INFO - Processing payment...
ERROR 1045 (28000): Access denied for user 'root'@'localhost' (using password: YES)
Tue Mar 17 16:29:37 UTC 2026 - INFO - Processing payment...
ERROR 1045 (28000): Access denied for user 'root'@'localhost' (using password: YES)
Tue Mar 17 16:29:42 UTC 2026 - INFO - Processing payment...
ERROR 1045 (28000): Access denied for user 'root'@'localhost' (using password: YES)
Tue Mar 17 16:29:47 UTC 2026 - INFO - Processing payment...
ERROR 1045 (28000): Access denied for user 'root'@'localhost' (using password: YES)
Tue Mar 17 16:29:52 UTC 2026 - INFO - Processing payment...
ERROR 1045 (28000): Access denied for user 'root'@'localhost' (using password: YES)
Tue Mar 17 16:29:57 UTC 2026 - INFO - Processing payment...
ERROR 1045 (28000): Access denied for user 'root'@'localhost' (using password: YES)
Tue Mar 17 16:30:02 UTC 2026 - INFO - Processing payment...
ERROR 1045 (28000): Access denied for user 'root'@'localhost' (using password: YES)
Tue Mar 17 16:30:07 UTC 2026 - INFO - Processing payment...
ERROR 1045 (28000): Access denied for user 'root'@'localhost' (using password: YES)
Tue Mar 17 16:30:12 UTC 2026 - INFO - Processing payment...
ERROR 1045 (28000): Access denied for user 'root'@'localhost' (using password: YES)
Tue Mar 17 16:30:17 UTC 2026 - INFO - Processing payment...
ERROR 1045 (28000): Access denied for user 'root'@'localhost' (using password: YES)
Tue Mar 17 16:30:23 UTC 2026 - INFO - Processing payment...
ERROR 1045 (28000): Access denied for user 'root'@'localhost' (using password: YES)
Tue Mar 17 16:30:28 UTC 2026 - INFO - Processing payment...
ERROR 1045 (28000): Access denied for user 'root'@'localhost' (using password: YES)
Tue Mar 17 16:30:33 UTC 2026 - INFO - Processing payment...
ERROR 1045 (28000): Access denied for user 'root'@'localhost' (using password: YES)
Tue Mar 17 16:30:38 UTC 2026 - INFO - Processing payment...
ERROR 1045 (28000): Access denied for user 'root'@'localhost' (using password: YES)
Tue Mar 17 16:30:43 UTC 2026 - INFO - Processing payment...
ERROR 1045 (28000): Access denied for user 'root'@'localhost' (using password: YES)
Tue Mar 17 16:30:48 UTC 2026 - INFO - Processing payment...
ERROR 1045 (28000): Access denied for user 'root'@'localhost' (using password: YES)
Tue Mar 17 16:30:53 UTC 2026 - INFO - Processing payment...
ERROR 1045 (28000): Access denied for user 'root'@'localhost' (using password: YES)
Tue Mar 17 16:30:58 UTC 2026 - INFO - Processing payment...
ERROR 1045 (28000): Access denied for user 'root'@'localhost' (using password: YES)
Tue Mar 17 16:31:03 UTC 2026 - INFO - Processing payment...
ERROR 1045 (28000): Access denied for user 'root'@'localhost' (using password: YES)
Tue Mar 17 16:31:08 UTC 2026 - INFO - Processing payment...
ERROR 1045 (28000): Access denied for user 'root'@'localhost' (using password: YES)
Tue Mar 17 16:31:13 UTC 2026 - INFO - Processing payment...
ERROR 1045 (28000): Access denied for user 'root'@'localhost' (using password: YES)
Tue Mar 17 16:31:18 UTC 2026 - INFO - Processing payment...
ERROR 1045 (28000): Access denied for user 'root'@'localhost' (using password: YES)
Tue Mar 17 16:31:23 UTC 2026 - INFO - Processing payment...
ERROR 1045 (28000): Access denied for user 'root'@'localhost' (using password: YES)
Tue Mar 17 16:31:28 UTC 2026 - INFO - Processing payment...
ERROR 1045 (28000): Access denied for user 'root'@'localhost' (using password: YES)
Tue Mar 17 16:31:33 UTC 2026 - INFO - Processing payment...
ERROR 1045 (28000): Access denied for user 'root'@'localhost' (using password: YES)
Tue Mar 17 16:31:38 UTC 2026 - INFO - Processing payment...
ERROR 1045 (28000): Access denied for user 'root'@'localhost' (using password: YES)
Tue Mar 17 16:31:43 UTC 2026 - INFO - Processing payment...
ERROR 1045 (28000): Access denied for user 'root'@'localhost' (using password: YES)
Tue Mar 17 16:31:48 UTC 2026 - INFO - Processing payment...
ERROR 1045 (28000): Access denied for user 'root'@'localhost' (using password: YES)
Tue Mar 17 16:31:53 UTC 2026 - INFO - Processing payment...
ERROR 1045 (28000): Access denied for user 'root'@'localhost' (using password: YES)
Tue Mar 17 16:31:58 UTC 2026 - INFO - Processing payment...
ERROR 1045 (28000): Access denied for user 'root'@'localhost' (using password: YES)
Tue Mar 17 16:32:03 UTC 2026 - INFO - Processing payment...
ERROR 1045 (28000): Access denied for user 'root'@'localhost' (using password: YES)
Tue Mar 17 16:32:08 UTC 2026 - INFO - Processing payment...
ERROR 1045 (28000): Access denied for user 'root'@'localhost' (using password: YES)
Tue Mar 17 16:32:13 UTC 2026 - INFO - Processing payment...
ERROR 1045 (28000): Access denied for user 'root'@'localhost' (using password: YES)
Tue Mar 17 16:32:18 UTC 2026 - INFO - Processing payment...
ERROR 1045 (28000): Access denied for user 'root'@'localhost' (using password: YES)
Tue Mar 17 16:32:23 UTC 2026 - INFO - Processing payment...
ERROR 1045 (28000): Access denied for user 'root'@'localhost' (using password: YES)
Tue Mar 17 16:32:28 UTC 2026 - INFO - Processing payment...
ERROR 1045 (28000): Access denied for user 'root'@'localhost' (using password: YES)
Tue Mar 17 16:32:33 UTC 2026 - INFO - Processing payment...
ERROR 1045 (28000): Access denied for user 'root'@'localhost' (using password: YES)
Tue Mar 17 16:32:39 UTC 2026 - INFO - Processing payment...
ERROR 1045 (28000): Access denied for user 'root'@'localhost' (using password: YES)
Tue Mar 17 16:32:44 UTC 2026 - INFO - Processing payment...
ERROR 1045 (28000): Access denied for user 'root'@'localhost' (using password: YES)
Tue Mar 17 16:32:49 UTC 2026 - INFO - Processing payment...
ERROR 1045 (28000): Access denied for user 'root'@'localhost' (using password: YES)
Tue Mar 17 16:32:54 UTC 2026 - INFO - Processing payment...
ERROR 1045 (28000): Access denied for user 'root'@'localhost' (using password: YES)
Tue Mar 17 16:32:59 UTC 2026 - INFO - Processing payment...
ERROR 1045 (28000): Access denied for user 'root'@'localhost' (using password: YES)
Tue Mar 17 16:33:04 UTC 2026 - INFO - Processing payment...
ERROR 1045 (28000): Access denied for user 'root'@'localhost' (using password: YES)
Tue Mar 17 16:33:09 UTC 2026 - INFO - Processing payment...
ERROR 1045 (28000): Access denied for user 'root'@'localhost' (using password: YES)
Tue Mar 17 16:33:14 UTC 2026 - INFO - Processing payment...
ERROR 1045 (28000): Access denied for user 'root'@'localhost' (using password: YES)
Tue Mar 17 16:33:19 UTC 2026 - INFO - Processing payment...
ERROR 1045 (28000): Access denied for user 'root'@'localhost' (using password: YES)
Tue Mar 17 16:33:24 UTC 2026 - INFO - Processing payment...
ERROR 1045 (28000): Access denied for user 'root'@'localhost' (using password: YES)
Tue Mar 17 16:33:29 UTC 2026 - INFO - Processing payment...
ERROR 1045 (28000): Access denied for user 'root'@'localhost' (using password: YES)
Tue Mar 17 16:33:34 UTC 2026 - INFO - Processing payment...
ERROR 1045 (28000): Access denied for user 'root'@'localhost' (using password: YES)
Tue Mar 17 16:33:39 UTC 2026 - INFO - Processing payment...
ERROR 1045 (28000): Access denied for user 'root'@'localhost' (using password: YES)
Tue Mar 17 16:33:44 UTC 2026 - INFO - Processing payment...
ERROR 1045 (28000): Access denied for user 'root'@'localhost' (using password: YES)
Tue Mar 17 16:33:49 UTC 2026 - INFO - Processing payment...
ERROR 1045 (28000): Access denied for user 'root'@'localhost' (using password: YES)
Tue Mar 17 16:33:54 UTC 2026 - INFO - Processing payment...
ERROR 1045 (28000): Access denied for user 'root'@'localhost' (using password: YES)
Tue Mar 17 16:33:59 UTC 2026 - INFO - Processing payment...
ERROR 1045 (28000): Access denied for user 'root'@'localhost' (using password: YES)
Tue Mar 17 16:34:04 UTC 2026 - INFO - Processing payment...
ERROR 1045 (28000): Access denied for user 'root'@'localhost' (using password: YES)
Tue Mar 17 16:34:09 UTC 2026 - INFO - Processing payment...
ERROR 1045 (28000): Access denied for user 'root'@'localhost' (using password: YES)
Tue Mar 17 16:34:14 UTC 2026 - INFO - Processing payment...
ERROR 1045 (28000): Access denied for user 'root'@'localhost' (using password: YES)
Tue Mar 17 16:34:19 UTC 2026 - INFO - Processing payment...
ERROR 1045 (28000): Access denied for user 'root'@'localhost' (using password: YES)
Tue Mar 17 16:34:24 UTC 2026 - INFO - Processing payment...
ERROR 1045 (28000): Access denied for user 'root'@'localhost' (using password: YES)
Tue Mar 17 16:34:29 UTC 2026 - INFO - Processing payment...
ERROR 1045 (28000): Access denied for user 'root'@'localhost' (using password: YES)
Tue Mar 17 16:34:34 UTC 2026 - INFO - Processing payment...
ERROR 1045 (28000): Access denied for user 'root'@'localhost' (using password: YES)
Tue Mar 17 16:34:39 UTC 2026 - INFO - Processing payment...
ERROR 1045 (28000): Access denied for user 'root'@'localhost' (using password: YES)
Tue Mar 17 16:34:44 UTC 2026 - INFO - Processing payment...
ERROR 1045 (28000): Access denied for user 'root'@'localhost' (using password: YES)
Tue Mar 17 16:34:49 UTC 2026 - INFO - Processing payment...
ERROR 1045 (28000): Access denied for user 'root'@'localhost' (using password: YES)
Tue Mar 17 16:34:54 UTC 2026 - INFO - Processing payment...
ERROR 1045 (28000): Access denied for user 'root'@'localhost' (using password: YES)
Tue Mar 17 16:34:59 UTC 2026 - INFO - Processing payment...
ERROR 1045 (28000): Access denied for user 'root'@'localhost' (using password: YES)
Tue Mar 17 16:35:04 UTC 2026 - INFO - Processing payment...
ERROR 1045 (28000): Access denied for user 'root'@'localhost' (using password: YES)
Tue Mar 17 16:35:09 UTC 2026 - INFO - Processing payment...
ERROR 1045 (28000): Access denied for user 'root'@'localhost' (using password: YES)
Tue Mar 17 16:35:15 UTC 2026 - INFO - Processing payment...
ERROR 1045 (28000): Access denied for user 'root'@'localhost' (using password: YES)
Tue Mar 17 16:35:20 UTC 2026 - INFO - Processing payment...
ERROR 1045 (28000): Access denied for user 'root'@'localhost' (using password: YES)
Tue Mar 17 16:35:25 UTC 2026 - INFO - Processing payment...
ERROR 1045 (28000): Access denied for user 'root'@'localhost' (using password: YES)
Tue Mar 17 16:35:30 UTC 2026 - INFO - Processing payment...
ERROR 1045 (28000): Access denied for user 'root'@'localhost' (using password: YES)
Tue Mar 17 16:35:35 UTC 2026 - INFO - Processing payment...
ERROR 1045 (28000): Access denied for user 'root'@'localhost' (using password: YES)
Tue Mar 17 16:35:40 UTC 2026 - INFO - Processing payment...
ERROR 1045 (28000): Access denied for user 'root'@'localhost' (using password: YES)
Tue Mar 17 16:35:45 UTC 2026 - INFO - Processing payment...
ERROR 1045 (28000): Access denied for user 'root'@'localhost' (using password: YES)
Tue Mar 17 16:35:50 UTC 2026 - INFO - Processing payment...
ERROR 1045 (28000): Access denied for user 'root'@'localhost' (using password: YES)
Tue Mar 17 16:35:55 UTC 2026 - INFO - Processing payment...
ERROR 1045 (28000): Access denied for user 'root'@'localhost' (using password: YES)
Tue Mar 17 16:36:00 UTC 2026 - INFO - Processing payment...
ERROR 1045 (28000): Access denied for user 'root'@'localhost' (using password: YES)
Tue Mar 17 16:36:05 UTC 2026 - INFO - Processing payment...
ERROR 1045 (28000): Access denied for user 'root'@'localhost' (using password: YES)
Tue Mar 17 16:36:10 UTC 2026 - INFO - Processing payment...
ERROR 1045 (28000): Access denied for user 'root'@'localhost' (using password: YES)
Tue Mar 17 16:36:15 UTC 2026 - INFO - Processing payment...
ERROR 1045 (28000): Access denied for user 'root'@'localhost' (using password: YES)
Tue Mar 17 16:36:20 UTC 2026 - INFO - Processing payment...
ERROR 1045 (28000): Access denied for user 'root'@'localhost' (using password: YES)
Tue Mar 17 16:36:25 UTC 2026 - INFO - Processing payment...
ERROR 1045 (28000): Access denied for user 'root'@'localhost' (using password: YES)
Tue Mar 17 16:36:30 UTC 2026 - INFO - Processing payment...
ERROR 1045 (28000): Access denied for user 'root'@'localhost' (using password: YES)
Tue Mar 17 16:36:35 UTC 2026 - INFO - Processing payment...
ERROR 1045 (28000): Access denied for user 'root'@'localhost' (using password: YES)
Tue Mar 17 16:36:40 UTC 2026 - INFO - Processing payment...
ERROR 1045 (28000): Access denied for user 'root'@'localhost' (using password: YES)
Tue Mar 17 16:36:45 UTC 2026 - INFO - Processing payment...
ERROR 1045 (28000): Access denied for user 'root'@'localhost' (using password: YES)
Tue Mar 17 16:36:50 UTC 2026 - INFO - Processing payment...
ERROR 1045 (28000): Access denied for user 'root'@'localhost' (using password: YES)
Tue Mar 17 16:36:55 UTC 2026 - INFO - Processing payment...
ERROR 1045 (28000): Access denied for user 'root'@'localhost' (using password: YES)
Tue Mar 17 16:37:00 UTC 2026 - INFO - Processing payment...
ERROR 1045 (28000): Access denied for user 'root'@'localhost' (using password: YES)
Tue Mar 17 16:37:05 UTC 2026 - INFO - Processing payment...
ERROR 1045 (28000): Access denied for user 'root'@'localhost' (using password: YES)
Tue Mar 17 16:37:10 UTC 2026 - INFO - Processing payment...
ERROR 1045 (28000): Access denied for user 'root'@'localhost' (using password: YES)
Tue Mar 17 16:37:15 UTC 2026 - INFO - Processing payment...
ERROR 1045 (28000): Access denied for user 'root'@'localhost' (using password: YES)
Tue Mar 17 16:37:20 UTC 2026 - INFO - Processing payment...
ERROR 1045 (28000): Access denied for user 'root'@'localhost' (using password: YES)
Tue Mar 17 16:37:26 UTC 2026 - INFO - Processing payment...
ERROR 1045 (28000): Access denied for user 'root'@'localhost' (using password: YES)
Tue Mar 17 16:37:31 UTC 2026 - INFO - Processing payment...
ERROR 1045 (28000): Access denied for user 'root'@'localhost' (using password: YES)
Tue Mar 17 16:37:36 UTC 2026 - INFO - Processing payment...
ERROR 1045 (28000): Access denied for user 'root'@'localhost' (using password: YES)
Tue Mar 17 16:37:41 UTC 2026 - INFO - Processing payment...
ERROR 1045 (28000): Access denied for user 'root'@'localhost' (using password: YES)
Tue Mar 17 16:37:46 UTC 2026 - INFO - Processing payment...
ERROR 1045 (28000): Access denied for user 'root'@'localhost' (using password: YES)
Tue Mar 17 16:37:51 UTC 2026 - INFO - Processing payment...
ERROR 1045 (28000): Access denied for user 'root'@'localhost' (using password: YES)
Tue Mar 17 16:37:56 UTC 2026 - INFO - Processing payment...
ERROR 1045 (28000): Access denied for user 'root'@'localhost' (using password: YES)
Tue Mar 17 16:38:01 UTC 2026 - INFO - Processing payment...
ERROR 1045 (28000): Access denied for user 'root'@'localhost' (using password: YES)
Tue Mar 17 16:38:06 UTC 2026 - INFO - Processing payment...
ERROR 1045 (28000): Access denied for user 'root'@'localhost' (using password: YES)
Tue Mar 17 16:38:11 UTC 2026 - INFO - Processing payment...
ERROR 1045 (28000): Access denied for user 'root'@'localhost' (using password: YES)
Tue Mar 17 16:38:16 UTC 2026 - INFO - Processing payment...
ERROR 1045 (28000): Access denied for user 'root'@'localhost' (using password: YES)
Tue Mar 17 16:38:21 UTC 2026 - INFO - Processing payment...
ERROR 1045 (28000): Access denied for user 'root'@'localhost' (using password: YES)
Tue Mar 17 16:38:26 UTC 2026 - INFO - Processing payment...
ERROR 1045 (28000): Access denied for user 'root'@'localhost' (using password: YES)
Tue Mar 17 16:38:31 UTC 2026 - INFO - Processing payment...
ERROR 1045 (28000): Access denied for user 'root'@'localhost' (using password: YES)
Tue Mar 17 16:38:36 UTC 2026 - INFO - Processing payment...
ERROR 1045 (28000): Access denied for user 'root'@'localhost' (using password: YES)
Tue Mar 17 16:38:41 UTC 2026 - INFO - Processing payment...
ERROR 1045 (28000): Access denied for user 'root'@'localhost' (using password: YES)
Tue Mar 17 16:38:46 UTC 2026 - INFO - Processing payment...
ERROR 1045 (28000): Access denied for user 'root'@'localhost' (using password: YES)
Tue Mar 17 16:38:51 UTC 2026 - INFO - Processing payment...
ERROR 1045 (28000): Access denied for user 'root'@'localhost' (using password: YES)
Tue Mar 17 16:38:56 UTC 2026 - INFO - Processing payment...
ERROR 1045 (28000): Access denied for user 'root'@'localhost' (using password: YES)
Tue Mar 17 16:39:01 UTC 2026 - INFO - Processing payment...
ERROR 1045 (28000): Access denied for user 'root'@'localhost' (using password: YES)
Tue Mar 17 16:39:06 UTC 2026 - INFO - Processing payment...
ERROR 1045 (28000): Access denied for user 'root'@'localhost' (using password: YES)
Tue Mar 17 16:39:11 UTC 2026 - INFO - Processing payment...
ERROR 1045 (28000): Access denied for user 'root'@'localhost' (using password: YES)
Tue Mar 17 16:39:16 UTC 2026 - INFO - Processing payment...
ERROR 1045 (28000): Access denied for user 'root'@'localhost' (using password: YES)
Tue Mar 17 16:39:21 UTC 2026 - INFO - Processing payment...
ERROR 1045 (28000): Access denied for user 'root'@'localhost' (using password: YES)
Tue Mar 17 16:39:26 UTC 2026 - INFO - Processing payment...
ERROR 1045 (28000): Access denied for user 'root'@'localhost' (using password: YES)
Tue Mar 17 16:39:31 UTC 2026 - INFO - Processing payment...
ERROR 1045 (28000): Access denied for user 'root'@'localhost' (using password: YES)
Tue Mar 17 16:39:36 UTC 2026 - INFO - Processing payment...
ERROR 1045 (28000): Access denied for user 'root'@'localhost' (using password: YES)
Tue Mar 17 16:39:41 UTC 2026 - INFO - Processing payment...
ERROR 1045 (28000): Access denied for user 'root'@'localhost' (using password: YES)
Tue Mar 17 16:39:47 UTC 2026 - INFO - Processing payment...
ERROR 1045 (28000): Access denied for user 'root'@'localhost' (using password: YES)
Tue Mar 17 16:39:52 UTC 2026 - INFO - Processing payment...
ERROR 1045 (28000): Access denied for user 'root'@'localhost' (using password: YES)
Tue Mar 17 16:39:57 UTC 2026 - INFO - Processing payment...
ERROR 1045 (28000): Access denied for user 'root'@'localhost' (using password: YES)
Tue Mar 17 16:40:02 UTC 2026 - INFO - Processing payment...
ERROR 1045 (28000): Access denied for user 'root'@'localhost' (using password: YES)
Tue Mar 17 16:40:07 UTC 2026 - INFO - Processing payment...
ERROR 1045 (28000): Access denied for user 'root'@'localhost' (using password: YES)
Tue Mar 17 16:40:12 UTC 2026 - INFO - Processing payment...
ERROR 1045 (28000): Access denied for user 'root'@'localhost' (using password: YES)
Tue Mar 17 16:40:17 UTC 2026 - INFO - Processing payment...
ERROR 1045 (28000): Access denied for user 'root'@'localhost' (using password: YES)
Tue Mar 17 16:40:22 UTC 2026 - INFO - Processing payment...
ERROR 1045 (28000): Access denied for user 'root'@'localhost' (using password: YES)
Tue Mar 17 16:40:27 UTC 2026 - INFO - Processing payment...
ERROR 1045 (28000): Access denied for user 'root'@'localhost' (using password: YES)
Tue Mar 17 16:40:32 UTC 2026 - INFO - Processing payment...
ERROR 1045 (28000): Access denied for user 'root'@'localhost' (using password: YES)
Tue Mar 17 16:40:37 UTC 2026 - INFO - Processing payment...
ERROR 1045 (28000): Access denied for user 'root'@'localhost' (using password: YES)
Tue Mar 17 16:40:42 UTC 2026 - INFO - Processing payment...
ERROR 1045 (28000): Access denied for user 'root'@'localhost' (using password: YES)
Tue Mar 17 16:40:47 UTC 2026 - INFO - Processing payment...
ERROR 1045 (28000): Access denied for user 'root'@'localhost' (using password: YES)
Tue Mar 17 16:40:52 UTC 2026 - INFO - Processing payment...
ERROR 1045 (28000): Access denied for user 'root'@'localhost' (using password: YES)
Tue Mar 17 16:40:57 UTC 2026 - INFO - Processing payment...
ERROR 1045 (28000): Access denied for user 'root'@'localhost' (using password: YES)
Tue Mar 17 16:41:02 UTC 2026 - INFO - Processing payment...
ERROR 1045 (28000): Access denied for user 'root'@'localhost' (using password: YES)
Tue Mar 17 16:41:07 UTC 2026 - INFO - Processing payment...
ERROR 1045 (28000): Access denied for user 'root'@'localhost' (using password: YES)
Tue Mar 17 16:41:12 UTC 2026 - INFO - Processing payment...
ERROR 1045 (28000): Access denied for user 'root'@'localhost' (using password: YES)
Tue Mar 17 16:41:17 UTC 2026 - INFO - Processing payment...
ERROR 1045 (28000): Access denied for user 'root'@'localhost' (using password: YES)
Tue Mar 17 16:41:22 UTC 2026 - INFO - Processing payment...
ERROR 1045 (28000): Access denied for user 'root'@'localhost' (using password: YES)
Tue Mar 17 16:41:27 UTC 2026 - INFO - Processing payment...
ERROR 1045 (28000): Access denied for user 'root'@'localhost' (using password: YES)
Tue Mar 17 16:41:32 UTC 2026 - INFO - Processing payment...
ERROR 1045 (28000): Access denied for user 'root'@'localhost' (using password: YES)
Tue Mar 17 16:41:37 UTC 2026 - INFO - Processing payment...
ERROR 1045 (28000): Access denied for user 'root'@'localhost' (using password: YES)
Tue Mar 17 16:41:42 UTC 2026 - INFO - Processing payment...
ERROR 1045 (28000): Access denied for user 'root'@'localhost' (using password: YES)
Tue Mar 17 16:41:47 UTC 2026 - INFO - Processing payment...
ERROR 1045 (28000): Access denied for user 'root'@'localhost' (using password: YES)
Tue Mar 17 16:41:52 UTC 2026 - INFO - Processing payment...
ERROR 1045 (28000): Access denied for user 'root'@'localhost' (using password: YES)
Tue Mar 17 16:41:57 UTC 2026 - INFO - Processing payment...
ERROR 1045 (28000): Access denied for user 'root'@'localhost' (using password: YES)
Tue Mar 17 16:42:02 UTC 2026 - INFO - Processing payment...
ERROR 1045 (28000): Access denied for user 'root'@'localhost' (using password: YES)
Tue Mar 17 16:42:08 UTC 2026 - INFO - Processing payment...
ERROR 1045 (28000): Access denied for user 'root'@'localhost' (using password: YES)
Tue Mar 17 16:42:13 UTC 2026 - INFO - Processing payment...
ERROR 1045 (28000): Access denied for user 'root'@'localhost' (using password: YES)
Tue Mar 17 16:42:18 UTC 2026 - INFO - Processing payment...
ERROR 1045 (28000): Access denied for user 'root'@'localhost' (using password: YES)
Tue Mar 17 16:42:23 UTC 2026 - INFO - Processing payment...
ERROR 1045 (28000): Access denied for user 'root'@'localhost' (using password: YES)
Tue Mar 17 16:42:28 UTC 2026 - INFO - Processing payment...
ERROR 1045 (28000): Access denied for user 'root'@'localhost' (using password: YES)
Tue Mar 17 16:42:33 UTC 2026 - INFO - Processing payment...
ERROR 1045 (28000): Access denied for user 'root'@'localhost' (using password: YES)
Tue Mar 17 16:42:38 UTC 2026 - INFO - Processing payment...
ERROR 1045 (28000): Access denied for user 'root'@'localhost' (using password: YES)
Tue Mar 17 16:42:43 UTC 2026 - INFO - Processing payment...
ERROR 1045 (28000): Access denied for user 'root'@'localhost' (using password: YES)
Tue Mar 17 16:42:48 UTC 2026 - INFO - Processing payment...
ERROR 1045 (28000): Access denied for user 'root'@'localhost' (using password: YES)
Tue Mar 17 16:42:53 UTC 2026 - INFO - Processing payment...
ERROR 1045 (28000): Access denied for user 'root'@'localhost' (using password: YES)
Tue Mar 17 16:42:58 UTC 2026 - INFO - Processing payment...
ERROR 1045 (28000): Access denied for user 'root'@'localhost' (using password: YES)
Tue Mar 17 16:43:03 UTC 2026 - INFO - Processing payment...
ERROR 1045 (28000): Access denied for user 'root'@'localhost' (using password: YES)
Tue Mar 17 16:43:08 UTC 2026 - INFO - Processing payment...
ERROR 1045 (28000): Access denied for user 'root'@'localhost' (using password: YES)
Tue Mar 17 16:43:13 UTC 2026 - INFO - Processing payment...
ERROR 1045 (28000): Access denied for user 'root'@'localhost' (using password: YES)
Tue Mar 17 16:43:18 UTC 2026 - INFO - Processing payment...
ERROR 1045 (28000): Access denied for user 'root'@'localhost' (using password: YES)
Tue Mar 17 16:43:23 UTC 2026 - INFO - Processing payment...
ERROR 1045 (28000): Access denied for user 'root'@'localhost' (using password: YES)
Tue Mar 17 16:43:28 UTC 2026 - INFO - Processing payment...
ERROR 1045 (28000): Access denied for user 'root'@'localhost' (using password: YES)
Tue Mar 17 16:43:33 UTC 2026 - INFO - Processing payment...
ERROR 1045 (28000): Access denied for user 'root'@'localhost' (using password: YES)
Tue Mar 17 16:43:38 UTC 2026 - INFO - Processing payment...
ERROR 1045 (28000): Access denied for user 'root'@'localhost' (using password: YES)
Tue Mar 17 16:43:43 UTC 2026 - INFO - Processing payment...
ERROR 1045 (28000): Access denied for user 'root'@'localhost' (using password: YES)
Tue Mar 17 16:43:48 UTC 2026 - INFO - Processing payment...
ERROR 1045 (28000): Access denied for user 'root'@'localhost' (using password: YES)
Tue Mar 17 16:43:53 UTC 2026 - INFO - Processing payment...
ERROR 1045 (28000): Access denied for user 'root'@'localhost' (using password: YES)
Tue Mar 17 16:43:58 UTC 2026 - INFO - Processing payment...
ERROR 1045 (28000): Access denied for user 'root'@'localhost' (using password: YES)
Tue Mar 17 16:44:03 UTC 2026 - INFO - Processing payment...
ERROR 1045 (28000): Access denied for user 'root'@'localhost' (using password: YES)
Tue Mar 17 16:44:08 UTC 2026 - INFO - Processing payment...
ERROR 1045 (28000): Access denied for user 'root'@'localhost' (using password: YES)
Tue Mar 17 16:44:13 UTC 2026 - INFO - Processing payment...
ERROR 1045 (28000): Access denied for user 'root'@'localhost' (using password: YES)
Tue Mar 17 16:44:18 UTC 2026 - INFO - Processing payment...
ERROR 1045 (28000): Access denied for user 'root'@'localhost' (using password: YES)
Tue Mar 17 16:44:23 UTC 2026 - INFO - Processing payment...
ERROR 1045 (28000): Access denied for user 'root'@'localhost' (using password: YES)
Tue Mar 17 16:44:28 UTC 2026 - INFO - Processing payment...
ERROR 1045 (28000): Access denied for user 'root'@'localhost' (using password: YES)
Tue Mar 17 16:44:34 UTC 2026 - INFO - Processing payment...
ERROR 1045 (28000): Access denied for user 'root'@'localhost' (using password: YES)
Tue Mar 17 16:44:39 UTC 2026 - INFO - Processing payment...
ERROR 1045 (28000): Access denied for user 'root'@'localhost' (using password: YES)
Tue Mar 17 16:44:44 UTC 2026 - INFO - Processing payment...
ERROR 1045 (28000): Access denied for user 'root'@'localhost' (using password: YES)
Tue Mar 17 16:44:49 UTC 2026 - INFO - Processing payment...
ERROR 1045 (28000): Access denied for user 'root'@'localhost' (using password: YES)
Tue Mar 17 16:44:54 UTC 2026 - INFO - Processing payment...
ERROR 1045 (28000): Access denied for user 'root'@'localhost' (using password: YES)
Tue Mar 17 16:44:59 UTC 2026 - INFO - Processing payment...
ERROR 1045 (28000): Access denied for user 'root'@'localhost' (using password: YES)
Tue Mar 17 16:45:04 UTC 2026 - INFO - Processing payment...
ERROR 1045 (28000): Access denied for user 'root'@'localhost' (using password: YES)
Tue Mar 17 16:45:09 UTC 2026 - INFO - Processing payment...
ERROR 1045 (28000): Access denied for user 'root'@'localhost' (using password: YES)
Tue Mar 17 16:45:14 UTC 2026 - INFO - Processing payment...
ERROR 1045 (28000): Access denied for user 'root'@'localhost' (using password: YES)
Tue Mar 17 16:45:19 UTC 2026 - INFO - Processing payment...
ERROR 1045 (28000): Access denied for user 'root'@'localhost' (using password: YES)
Tue Mar 17 16:45:24 UTC 2026 - INFO - Processing payment...
ERROR 1045 (28000): Access denied for user 'root'@'localhost' (using password: YES)
Tue Mar 17 16:45:29 UTC 2026 - INFO - Processing payment...
ERROR 1045 (28000): Access denied for user 'root'@'localhost' (using password: YES)
Tue Mar 17 16:45:34 UTC 2026 - INFO - Processing payment...
ERROR 1045 (28000): Access denied for user 'root'@'localhost' (using password: YES)
Tue Mar 17 16:45:39 UTC 2026 - INFO - Processing payment...
ERROR 1045 (28000): Access denied for user 'root'@'localhost' (using password: YES)
Tue Mar 17 16:45:44 UTC 2026 - INFO - Processing payment...
ERROR 1045 (28000): Access denied for user 'root'@'localhost' (using password: YES)
Tue Mar 17 16:45:49 UTC 2026 - INFO - Processing payment...
ERROR 1045 (28000): Access denied for user 'root'@'localhost' (using password: YES)
Tue Mar 17 16:45:54 UTC 2026 - INFO - Processing payment...
ERROR 1045 (28000): Access denied for user 'root'@'localhost' (using password: YES)
Tue Mar 17 16:45:59 UTC 2026 - INFO - Processing payment...
ERROR 1045 (28000): Access denied for user 'root'@'localhost' (using password: YES)
Tue Mar 17 16:46:04 UTC 2026 - INFO - Processing payment...
ERROR 1045 (28000): Access denied for user 'root'@'localhost' (using password: YES)
Tue Mar 17 16:46:09 UTC 2026 - INFO - Processing payment...
ERROR 1045 (28000): Access denied for user 'root'@'localhost' (using password: YES)
Tue Mar 17 16:46:14 UTC 2026 - INFO - Processing payment...
ERROR 1045 (28000): Access denied for user 'root'@'localhost' (using password: YES)
Tue Mar 17 16:46:19 UTC 2026 - INFO - Processing payment...
ERROR 1045 (28000): Access denied for user 'root'@'localhost' (using password: YES)
Tue Mar 17 16:46:24 UTC 2026 - INFO - Processing payment...
ERROR 1045 (28000): Access denied for user 'root'@'localhost' (using password: YES)
Tue Mar 17 16:46:29 UTC 2026 - INFO - Processing payment...
ERROR 1045 (28000): Access denied for user 'root'@'localhost' (using password: YES)
Tue Mar 17 16:46:34 UTC 2026 - INFO - Processing payment...
ERROR 1045 (28000): Access denied for user 'root'@'localhost' (using password: YES)
Tue Mar 17 16:46:40 UTC 2026 - INFO - Processing payment...
ERROR 1045 (28000): Access denied for user 'root'@'localhost' (using password: YES)
Tue Mar 17 16:46:45 UTC 2026 - INFO - Processing payment...
ERROR 1045 (28000): Access denied for user 'root'@'localhost' (using password: YES)
Tue Mar 17 16:46:50 UTC 2026 - INFO - Processing payment...
ERROR 1045 (28000): Access denied for user 'root'@'localhost' (using password: YES)
Tue Mar 17 16:46:55 UTC 2026 - INFO - Processing payment...
ERROR 1045 (28000): Access denied for user 'root'@'localhost' (using password: YES)
Tue Mar 17 16:47:00 UTC 2026 - INFO - Processing payment...
ERROR 1045 (28000): Access denied for user 'root'@'localhost' (using password: YES)
Tue Mar 17 16:47:05 UTC 2026 - INFO - Processing payment...
ERROR 1045 (28000): Access denied for user 'root'@'localhost' (using password: YES)
Tue Mar 17 16:47:10 UTC 2026 - INFO - Processing payment...
ERROR 1045 (28000): Access denied for user 'root'@'localhost' (using password: YES)
Tue Mar 17 16:47:15 UTC 2026 - INFO - Processing payment...
ERROR 1045 (28000): Access denied for user 'root'@'localhost' (using password: YES)
Tue Mar 17 16:47:20 UTC 2026 - INFO - Processing payment...
ERROR 1045 (28000): Access denied for user 'root'@'localhost' (using password: YES)
Tue Mar 17 16:47:25 UTC 2026 - INFO - Processing payment...
ERROR 1045 (28000): Access denied for user 'root'@'localhost' (using password: YES)
Tue Mar 17 16:47:30 UTC 2026 - INFO - Processing payment...
ERROR 1045 (28000): Access denied for user 'root'@'localhost' (using password: YES)
Tue Mar 17 16:47:35 UTC 2026 - INFO - Processing payment...
ERROR 1045 (28000): Access denied for user 'root'@'localhost' (using password: YES)
Tue Mar 17 16:47:40 UTC 2026 - INFO - Processing payment...
ERROR 1045 (28000): Access denied for user 'root'@'localhost' (using password: YES)
Tue Mar 17 16:47:45 UTC 2026 - INFO - Processing payment...
ERROR 1045 (28000): Access denied for user 'root'@'localhost' (using password: YES)
Tue Mar 17 16:47:50 UTC 2026 - INFO - Processing payment...
ERROR 1045 (28000): Access denied for user 'root'@'localhost' (using password: YES)
Tue Mar 17 16:47:55 UTC 2026 - INFO - Processing payment...
ERROR 1045 (28000): Access denied for user 'root'@'localhost' (using password: YES)
Tue Mar 17 16:48:00 UTC 2026 - INFO - Processing payment...
ERROR 1045 (28000): Access denied for user 'root'@'localhost' (using password: YES)
Tue Mar 17 16:48:05 UTC 2026 - INFO - Processing payment...
ERROR 1045 (28000): Access denied for user 'root'@'localhost' (using password: YES)
Tue Mar 17 16:48:10 UTC 2026 - INFO - Processing payment...
ERROR 1045 (28000): Access denied for user 'root'@'localhost' (using password: YES)
Tue Mar 17 16:48:15 UTC 2026 - INFO - Processing payment...
ERROR 1045 (28000): Access denied for user 'root'@'localhost' (using password: YES)
Tue Mar 17 16:48:20 UTC 2026 - INFO - Processing payment...
ERROR 1045 (28000): Access denied for user 'root'@'localhost' (using password: YES)
Tue Mar 17 16:48:25 UTC 2026 - INFO - Processing payment...
ERROR 1045 (28000): Access denied for user 'root'@'localhost' (using password: YES)
Tue Mar 17 16:48:30 UTC 2026 - INFO - Processing payment...
ERROR 1045 (28000): Access denied for user 'root'@'localhost' (using password: YES)
Tue Mar 17 16:48:35 UTC 2026 - INFO - Processing payment...
ERROR 1045 (28000): Access denied for user 'root'@'localhost' (using password: YES)
Tue Mar 17 16:48:40 UTC 2026 - INFO - Processing payment...
ERROR 1045 (28000): Access denied for user 'root'@'localhost' (using password: YES)
Tue Mar 17 16:48:46 UTC 2026 - INFO - Processing payment...
ERROR 1045 (28000): Access denied for user 'root'@'localhost' (using password: YES)
Tue Mar 17 16:48:51 UTC 2026 - INFO - Processing payment...
ERROR 1045 (28000): Access denied for user 'root'@'localhost' (using password: YES)
Tue Mar 17 16:48:56 UTC 2026 - INFO - Processing payment...
ERROR 1045 (28000): Access denied for user 'root'@'localhost' (using password: YES)
Tue Mar 17 16:49:01 UTC 2026 - INFO - Processing payment...
ERROR 1045 (28000): Access denied for user 'root'@'localhost' (using password: YES)
Tue Mar 17 16:49:06 UTC 2026 - INFO - Processing payment...
ERROR 1045 (28000): Access denied for user 'root'@'localhost' (using password: YES)
Tue Mar 17 16:49:11 UTC 2026 - INFO - Processing payment...
ERROR 1045 (28000): Access denied for user 'root'@'localhost' (using password: YES)
Tue Mar 17 16:49:16 UTC 2026 - INFO - Processing payment...
ERROR 1045 (28000): Access denied for user 'root'@'localhost' (using password: YES)
Tue Mar 17 16:49:21 UTC 2026 - INFO - Processing payment...
ERROR 1045 (28000): Access denied for user 'root'@'localhost' (using password: YES)
Tue Mar 17 16:49:26 UTC 2026 - INFO - Processing payment...
ERROR 1045 (28000): Access denied for user 'root'@'localhost' (using password: YES)
Tue Mar 17 16:49:31 UTC 2026 - INFO - Processing payment...
ERROR 1045 (28000): Access denied for user 'root'@'localhost' (using password: YES)
Tue Mar 17 16:49:36 UTC 2026 - INFO - Processing payment...
ERROR 1045 (28000): Access denied for user 'root'@'localhost' (using password: YES)
Tue Mar 17 16:49:41 UTC 2026 - INFO - Processing payment...
ERROR 1045 (28000): Access denied for user 'root'@'localhost' (using password: YES)
Tue Mar 17 16:49:46 UTC 2026 - INFO - Processing payment...
ERROR 1045 (28000): Access denied for user 'root'@'localhost' (using password: YES)
Tue Mar 17 16:49:51 UTC 2026 - INFO - Processing payment...
ERROR 1045 (28000): Access denied for user 'root'@'localhost' (using password: YES)
Tue Mar 17 16:49:56 UTC 2026 - INFO - Processing payment...
ERROR 1045 (28000): Access denied for user 'root'@'localhost' (using password: YES)
Tue Mar 17 16:50:01 UTC 2026 - INFO - Processing payment...
ERROR 1045 (28000): Access denied for user 'root'@'localhost' (using password: YES)
Tue Mar 17 16:50:06 UTC 2026 - INFO - Processing payment...
ERROR 1045 (28000): Access denied for user 'root'@'localhost' (using password: YES)
Tue Mar 17 16:50:11 UTC 2026 - INFO - Processing payment...
ERROR 1045 (28000): Access denied for user 'root'@'localhost' (using password: YES)
Tue Mar 17 16:50:16 UTC 2026 - INFO - Processing payment...
ERROR 1045 (28000): Access denied for user 'root'@'localhost' (using password: YES)
Tue Mar 17 16:50:21 UTC 2026 - INFO - Processing payment...
ERROR 1045 (28000): Access denied for user 'root'@'localhost' (using password: YES)
Tue Mar 17 16:50:26 UTC 2026 - INFO - Processing payment...
ERROR 1045 (28000): Access denied for user 'root'@'localhost' (using password: YES)
Tue Mar 17 16:50:31 UTC 2026 - INFO - Processing payment...
ERROR 1045 (28000): Access denied for user 'root'@'localhost' (using password: YES)
Tue Mar 17 16:50:36 UTC 2026 - INFO - Processing payment...
ERROR 1045 (28000): Access denied for user 'root'@'localhost' (using password: YES)
Tue Mar 17 16:50:41 UTC 2026 - INFO - Processing payment...
ERROR 1045 (28000): Access denied for user 'root'@'localhost' (using password: YES)
Tue Mar 17 16:50:46 UTC 2026 - INFO - Processing payment...
ERROR 1045 (28000): Access denied for user 'root'@'localhost' (using password: YES)
Tue Mar 17 16:50:51 UTC 2026 - INFO - Processing payment...
ERROR 1045 (28000): Access denied for user 'root'@'localhost' (using password: YES)
Tue Mar 17 16:50:56 UTC 2026 - INFO - Processing payment...
ERROR 1045 (28000): Access denied for user 'root'@'localhost' (using password: YES)
Tue Mar 17 16:51:01 UTC 2026 - INFO - Processing payment...
ERROR 1045 (28000): Access denied for user 'root'@'localhost' (using password: YES)
Tue Mar 17 16:51:06 UTC 2026 - INFO - Processing payment...
ERROR 1045 (28000): Access denied for user 'root'@'localhost' (using password: YES)
Tue Mar 17 16:51:12 UTC 2026 - INFO - Processing payment...
ERROR 1045 (28000): Access denied for user 'root'@'localhost' (using password: YES)
Tue Mar 17 16:51:17 UTC 2026 - INFO - Processing payment...
ERROR 1045 (28000): Access denied for user 'root'@'localhost' (using password: YES)
Tue Mar 17 16:51:22 UTC 2026 - INFO - Processing payment...
ERROR 1045 (28000): Access denied for user 'root'@'localhost' (using password: YES)
Tue Mar 17 16:51:27 UTC 2026 - INFO - Processing payment...
ERROR 1045 (28000): Access denied for user 'root'@'localhost' (using password: YES)
Tue Mar 17 16:51:32 UTC 2026 - INFO - Processing payment...
ERROR 1045 (28000): Access denied for user 'root'@'localhost' (using password: YES)
Tue Mar 17 16:51:37 UTC 2026 - INFO - Processing payment...
ERROR 1045 (28000): Access denied for user 'root'@'localhost' (using password: YES)
Tue Mar 17 16:51:42 UTC 2026 - INFO - Processing payment...
ERROR 1045 (28000): Access denied for user 'root'@'localhost' (using password: YES)
Tue Mar 17 16:51:47 UTC 2026 - INFO - Processing payment...
ERROR 1045 (28000): Access denied for user 'root'@'localhost' (using password: YES)
Tue Mar 17 16:51:52 UTC 2026 - INFO - Processing payment...
ERROR 1045 (28000): Access denied for user 'root'@'localhost' (using password: YES)
Tue Mar 17 16:51:57 UTC 2026 - INFO - Processing payment...
ERROR 1045 (28000): Access denied for user 'root'@'localhost' (using password: YES)
Tue Mar 17 16:52:02 UTC 2026 - INFO - Processing payment...
ERROR 1045 (28000): Access denied for user 'root'@'localhost' (using password: YES)
Tue Mar 17 16:52:07 UTC 2026 - INFO - Processing payment...
ERROR 1045 (28000): Access denied for user 'root'@'localhost' (using password: YES)
Tue Mar 17 16:52:12 UTC 2026 - INFO - Processing payment...
ERROR 1045 (28000): Access denied for user 'root'@'localhost' (using password: YES)
Tue Mar 17 16:52:17 UTC 2026 - INFO - Processing payment...
ERROR 1045 (28000): Access denied for user 'root'@'localhost' (using password: YES)
Tue Mar 17 16:52:22 UTC 2026 - INFO - Processing payment...
ERROR 1045 (28000): Access denied for user 'root'@'localhost' (using password: YES)
Tue Mar 17 16:52:27 UTC 2026 - INFO - Processing payment...
ERROR 1045 (28000): Access denied for user 'root'@'localhost' (using password: YES)
Tue Mar 17 16:52:32 UTC 2026 - INFO - Processing payment...
ERROR 1045 (28000): Access denied for user 'root'@'localhost' (using password: YES)
Tue Mar 17 16:52:37 UTC 2026 - INFO - Processing payment...
ERROR 1045 (28000): Access denied for user 'root'@'localhost' (using password: YES)
Tue Mar 17 16:52:42 UTC 2026 - INFO - Processing payment...
ERROR 1045 (28000): Access denied for user 'root'@'localhost' (using password: YES)
Tue Mar 17 16:52:47 UTC 2026 - INFO - Processing payment...
ERROR 1045 (28000): Access denied for user 'root'@'localhost' (using password: YES)
Tue Mar 17 16:52:52 UTC 2026 - INFO - Processing payment...
ERROR 1045 (28000): Access denied for user 'root'@'localhost' (using password: YES)
Tue Mar 17 16:52:57 UTC 2026 - INFO - Processing payment...
ERROR 1045 (28000): Access denied for user 'root'@'localhost' (using password: YES)
Tue Mar 17 16:53:02 UTC 2026 - INFO - Processing payment...
ERROR 1045 (28000): Access denied for user 'root'@'localhost' (using password: YES)
Tue Mar 17 16:53:07 UTC 2026 - INFO - Processing payment...
ERROR 1045 (28000): Access denied for user 'root'@'localhost' (using password: YES)
Tue Mar 17 16:53:12 UTC 2026 - INFO - Processing payment...
ERROR 1045 (28000): Access denied for user 'root'@'localhost' (using password: YES)
Tue Mar 17 16:53:17 UTC 2026 - INFO - Processing payment...
ERROR 1045 (28000): Access denied for user 'root'@'localhost' (using password: YES)
Tue Mar 17 16:53:22 UTC 2026 - INFO - Processing payment...
ERROR 1045 (28000): Access denied for user 'root'@'localhost' (using password: YES)
Tue Mar 17 16:53:27 UTC 2026 - INFO - Processing payment...
ERROR 1045 (28000): Access denied for user 'root'@'localhost' (using password: YES)
Tue Mar 17 16:53:33 UTC 2026 - INFO - Processing payment...
ERROR 1045 (28000): Access denied for user 'root'@'localhost' (using password: YES)
Tue Mar 17 16:53:38 UTC 2026 - INFO - Processing payment...
ERROR 1045 (28000): Access denied for user 'root'@'localhost' (using password: YES)
Tue Mar 17 16:53:43 UTC 2026 - INFO - Processing payment...
ERROR 1045 (28000): Access denied for user 'root'@'localhost' (using password: YES)
Tue Mar 17 16:53:48 UTC 2026 - INFO - Processing payment...
ERROR 1045 (28000): Access denied for user 'root'@'localhost' (using password: YES)
Tue Mar 17 16:53:53 UTC 2026 - INFO - Processing payment...
ERROR 1045 (28000): Access denied for user 'root'@'localhost' (using password: YES)
Tue Mar 17 16:53:58 UTC 2026 - INFO - Processing payment...
ERROR 1045 (28000): Access denied for user 'root'@'localhost' (using password: YES)
Tue Mar 17 16:54:03 UTC 2026 - INFO - Processing payment...
ERROR 1045 (28000): Access denied for user 'root'@'localhost' (using password: YES)
Tue Mar 17 16:54:08 UTC 2026 - INFO - Processing payment...
ERROR 1045 (28000): Access denied for user 'root'@'localhost' (using password: YES)
Tue Mar 17 16:54:13 UTC 2026 - INFO - Processing payment...
ERROR 1045 (28000): Access denied for user 'root'@'localhost' (using password: YES)
Tue Mar 17 16:54:18 UTC 2026 - INFO - Processing payment...
ERROR 1045 (28000): Access denied for user 'root'@'localhost' (using password: YES)
Tue Mar 17 16:54:23 UTC 2026 - INFO - Processing payment...
ERROR 1045 (28000): Access denied for user 'root'@'localhost' (using password: YES)
Tue Mar 17 16:54:28 UTC 2026 - INFO - Processing payment...
ERROR 1045 (28000): Access denied for user 'root'@'localhost' (using password: YES)
Tue Mar 17 16:54:33 UTC 2026 - INFO - Processing payment...
ERROR 1045 (28000): Access denied for user 'root'@'localhost' (using password: YES)
Tue Mar 17 16:54:38 UTC 2026 - INFO - Processing payment...
ERROR 1045 (28000): Access denied for user 'root'@'localhost' (using password: YES)
Tue Mar 17 16:54:43 UTC 2026 - INFO - Processing payment...
ERROR 1045 (28000): Access denied for user 'root'@'localhost' (using password: YES)
Tue Mar 17 16:54:48 UTC 2026 - INFO - Processing payment...
ERROR 1045 (28000): Access denied for user 'root'@'localhost' (using password: YES)
Tue Mar 17 16:54:53 UTC 2026 - INFO - Processing payment...
ERROR 1045 (28000): Access denied for user 'root'@'localhost' (using password: YES)
Tue Mar 17 16:54:58 UTC 2026 - INFO - Processing payment...
ERROR 1045 (28000): Access denied for user 'root'@'localhost' (using password: YES)
Tue Mar 17 16:55:03 UTC 2026 - INFO - Processing payment...
ERROR 1045 (28000): Access denied for user 'root'@'localhost' (using password: YES)
Tue Mar 17 16:55:08 UTC 2026 - INFO - Processing payment...
ERROR 1045 (28000): Access denied for user 'root'@'localhost' (using password: YES)
Tue Mar 17 16:55:13 UTC 2026 - INFO - Processing payment...
ERROR 1045 (28000): Access denied for user 'root'@'localhost' (using password: YES)
Tue Mar 17 16:55:18 UTC 2026 - INFO - Processing payment...
ERROR 1045 (28000): Access denied for user 'root'@'localhost' (using password: YES)
Tue Mar 17 16:55:23 UTC 2026 - INFO - Processing payment...
ERROR 1045 (28000): Access denied for user 'root'@'localhost' (using password: YES)
Tue Mar 17 16:55:28 UTC 2026 - INFO - Processing payment...
ERROR 1045 (28000): Access denied for user 'root'@'localhost' (using password: YES)
Tue Mar 17 16:55:33 UTC 2026 - INFO - Processing payment...
ERROR 1045 (28000): Access denied for user 'root'@'localhost' (using password: YES)
Tue Mar 17 16:55:38 UTC 2026 - INFO - Processing payment...
ERROR 1045 (28000): Access denied for user 'root'@'localhost' (using password: YES)
Tue Mar 17 16:55:43 UTC 2026 - INFO - Processing payment...
ERROR 1045 (28000): Access denied for user 'root'@'localhost' (using password: YES)
Tue Mar 17 16:55:48 UTC 2026 - INFO - Processing payment...
ERROR 1045 (28000): Access denied for user 'root'@'localhost' (using password: YES)
Tue Mar 17 16:55:53 UTC 2026 - INFO - Processing payment...
ERROR 1045 (28000): Access denied for user 'root'@'localhost' (using password: YES)
Tue Mar 17 16:55:58 UTC 2026 - INFO - Processing payment...
ERROR 1045 (28000): Access denied for user 'root'@'localhost' (using password: YES)
Tue Mar 17 16:56:04 UTC 2026 - INFO - Processing payment...
ERROR 1045 (28000): Access denied for user 'root'@'localhost' (using password: YES)
Tue Mar 17 16:56:09 UTC 2026 - INFO - Processing payment...
ERROR 1045 (28000): Access denied for user 'root'@'localhost' (using password: YES)
Tue Mar 17 16:56:14 UTC 2026 - INFO - Processing payment...
ERROR 1045 (28000): Access denied for user 'root'@'localhost' (using password: YES)
Tue Mar 17 16:56:19 UTC 2026 - INFO - Processing payment...
ERROR 1045 (28000): Access denied for user 'root'@'localhost' (using password: YES)
Tue Mar 17 16:56:24 UTC 2026 - INFO - Processing payment...
ERROR 1045 (28000): Access denied for user 'root'@'localhost' (using password: YES)
Tue Mar 17 16:56:29 UTC 2026 - INFO - Processing payment...
ERROR 1045 (28000): Access denied for user 'root'@'localhost' (using password: YES)
Tue Mar 17 16:56:34 UTC 2026 - INFO - Processing payment...
ERROR 1045 (28000): Access denied for user 'root'@'localhost' (using password: YES)
Tue Mar 17 16:56:39 UTC 2026 - INFO - Processing payment...
ERROR 1045 (28000): Access denied for user 'root'@'localhost' (using password: YES)
Tue Mar 17 16:56:44 UTC 2026 - INFO - Processing payment...
ERROR 1045 (28000): Access denied for user 'root'@'localhost' (using password: YES)
Tue Mar 17 16:56:49 UTC 2026 - INFO - Processing payment...
ERROR 1045 (28000): Access denied for user 'root'@'localhost' (using password: YES)
Tue Mar 17 16:56:54 UTC 2026 - INFO - Processing payment...
ERROR 1045 (28000): Access denied for user 'root'@'localhost' (using password: YES)
Tue Mar 17 16:56:59 UTC 2026 - INFO - Processing payment...
ERROR 1045 (28000): Access denied for user 'root'@'localhost' (using password: YES)
Tue Mar 17 16:57:04 UTC 2026 - INFO - Processing payment...
ERROR 1045 (28000): Access denied for user 'root'@'localhost' (using password: YES)
Tue Mar 17 16:57:09 UTC 2026 - INFO - Processing payment...
ERROR 1045 (28000): Access denied for user 'root'@'localhost' (using password: YES)
Tue Mar 17 16:57:14 UTC 2026 - INFO - Processing payment...
ERROR 1045 (28000): Access denied for user 'root'@'localhost' (using password: YES)
Tue Mar 17 16:57:19 UTC 2026 - INFO - Processing payment...
ERROR 1045 (28000): Access denied for user 'root'@'localhost' (using password: YES)
Tue Mar 17 16:57:24 UTC 2026 - INFO - Processing payment...
ERROR 1045 (28000): Access denied for user 'root'@'localhost' (using password: YES)
Tue Mar 17 16:57:29 UTC 2026 - INFO - Processing payment...
ERROR 1045 (28000): Access denied for user 'root'@'localhost' (using password: YES)
Tue Mar 17 16:57:34 UTC 2026 - INFO - Processing payment...
ERROR 1045 (28000): Access denied for user 'root'@'localhost' (using password: YES)
Tue Mar 17 16:57:39 UTC 2026 - INFO - Processing payment...
ERROR 1045 (28000): Access denied for user 'root'@'localhost' (using password: YES)
Tue Mar 17 16:57:44 UTC 2026 - INFO - Processing payment...
ERROR 1045 (28000): Access denied for user 'root'@'localhost' (using password: YES)
Tue Mar 17 16:57:49 UTC 2026 - INFO - Processing payment...
ERROR 1045 (28000): Access denied for user 'root'@'localhost' (using password: YES)
Tue Mar 17 16:57:54 UTC 2026 - INFO - Processing payment...
ERROR 1045 (28000): Access denied for user 'root'@'localhost' (using password: YES)
Tue Mar 17 16:57:59 UTC 2026 - INFO - Processing payment...
ERROR 1045 (28000): Access denied for user 'root'@'localhost' (using password: YES)
Tue Mar 17 16:58:04 UTC 2026 - INFO - Processing payment...
ERROR 1045 (28000): Access denied for user 'root'@'localhost' (using password: YES)
Tue Mar 17 16:58:09 UTC 2026 - INFO - Processing payment...
ERROR 1045 (28000): Access denied for user 'root'@'localhost' (using password: YES)
Tue Mar 17 16:58:14 UTC 2026 - INFO - Processing payment...
ERROR 1045 (28000): Access denied for user 'root'@'localhost' (using password: YES)
Tue Mar 17 16:58:19 UTC 2026 - INFO - Processing payment...
ERROR 1045 (28000): Access denied for user 'root'@'localhost' (using password: YES)
Tue Mar 17 16:58:25 UTC 2026 - INFO - Processing payment...
ERROR 1045 (28000): Access denied for user 'root'@'localhost' (using password: YES)
Tue Mar 17 16:58:30 UTC 2026 - INFO - Processing payment...
ERROR 1045 (28000): Access denied for user 'root'@'localhost' (using password: YES)
Tue Mar 17 16:58:35 UTC 2026 - INFO - Processing payment...
ERROR 1045 (28000): Access denied for user 'root'@'localhost' (using password: YES)
Tue Mar 17 16:58:40 UTC 2026 - INFO - Processing payment...
ERROR 1045 (28000): Access denied for user 'root'@'localhost' (using password: YES)
Tue Mar 17 16:58:45 UTC 2026 - INFO - Processing payment...
ERROR 1045 (28000): Access denied for user 'root'@'localhost' (using password: YES)
Tue Mar 17 16:58:50 UTC 2026 - INFO - Processing payment...
ERROR 1045 (28000): Access denied for user 'root'@'localhost' (using password: YES)
Tue Mar 17 16:58:55 UTC 2026 - INFO - Processing payment...
ERROR 1045 (28000): Access denied for user 'root'@'localhost' (using password: YES)
Tue Mar 17 16:59:00 UTC 2026 - INFO - Processing payment...
ERROR 1045 (28000): Access denied for user 'root'@'localhost' (using password: YES)
Tue Mar 17 16:59:05 UTC 2026 - INFO - Processing payment...
ERROR 1045 (28000): Access denied for user 'root'@'localhost' (using password: YES)
Tue Mar 17 16:59:10 UTC 2026 - INFO - Processing payment...
ERROR 1045 (28000): Access denied for user 'root'@'localhost' (using password: YES)
Tue Mar 17 16:59:15 UTC 2026 - INFO - Processing payment...
ERROR 1045 (28000): Access denied for user 'root'@'localhost' (using password: YES)
Tue Mar 17 16:59:20 UTC 2026 - INFO - Processing payment...
ERROR 1045 (28000): Access denied for user 'root'@'localhost' (using password: YES)
Tue Mar 17 16:59:25 UTC 2026 - INFO - Processing payment...
ERROR 1045 (28000): Access denied for user 'root'@'localhost' (using password: YES)
Tue Mar 17 16:59:30 UTC 2026 - INFO - Processing payment...
ERROR 1045 (28000): Access denied for user 'root'@'localhost' (using password: YES)
Tue Mar 17 16:59:35 UTC 2026 - INFO - Processing payment...
ERROR 1045 (28000): Access denied for user 'root'@'localhost' (using password: YES)
Tue Mar 17 16:59:40 UTC 2026 - INFO - Processing payment...
ERROR 1045 (28000): Access denied for user 'root'@'localhost' (using password: YES)
Tue Mar 17 16:59:45 UTC 2026 - INFO - Processing payment...
ERROR 1045 (28000): Access denied for user 'root'@'localhost' (using password: YES)
Tue Mar 17 16:59:50 UTC 2026 - INFO - Processing payment...
ERROR 1045 (28000): Access denied for user 'root'@'localhost' (using password: YES)
Tue Mar 17 16:59:55 UTC 2026 - INFO - Processing payment...
ERROR 1045 (28000): Access denied for user 'root'@'localhost' (using password: YES)
Tue Mar 17 17:00:00 UTC 2026 - INFO - Processing payment...
ERROR 1045 (28000): Access denied for user 'root'@'localhost' (using password: YES)
Tue Mar 17 17:00:05 UTC 2026 - INFO - Processing payment...
ERROR 1045 (28000): Access denied for user 'root'@'localhost' (using password: YES)
Tue Mar 17 17:00:10 UTC 2026 - INFO - Processing payment...
ERROR 1045 (28000): Access denied for user 'root'@'localhost' (using password: YES)
Tue Mar 17 17:00:15 UTC 2026 - INFO - Processing payment...
ERROR 1045 (28000): Access denied for user 'root'@'localhost' (using password: YES)
Tue Mar 17 17:00:20 UTC 2026 - INFO - Processing payment...
ERROR 1045 (28000): Access denied for user 'root'@'localhost' (using password: YES)
Tue Mar 17 17:00:25 UTC 2026 - INFO - Processing payment...
ERROR 1045 (28000): Access denied for user 'root'@'localhost' (using password: YES)
Tue Mar 17 17:00:30 UTC 2026 - INFO - Processing payment...
ERROR 1045 (28000): Access denied for user 'root'@'localhost' (using password: YES)
Tue Mar 17 17:00:35 UTC 2026 - INFO - Processing payment...
ERROR 1045 (28000): Access denied for user 'root'@'localhost' (using password: YES)
Tue Mar 17 17:00:41 UTC 2026 - INFO - Processing payment...
ERROR 1045 (28000): Access denied for user 'root'@'localhost' (using password: YES)
Tue Mar 17 17:00:46 UTC 2026 - INFO - Processing payment...
ERROR 1045 (28000): Access denied for user 'root'@'localhost' (using password: YES)
Tue Mar 17 17:00:51 UTC 2026 - INFO - Processing payment...
ERROR 1045 (28000): Access denied for user 'root'@'localhost' (using password: YES)
Tue Mar 17 17:00:56 UTC 2026 - INFO - Processing payment...
ERROR 1045 (28000): Access denied for user 'root'@'localhost' (using password: YES)
Tue Mar 17 17:01:01 UTC 2026 - INFO - Processing payment...
ERROR 1045 (28000): Access denied for user 'root'@'localhost' (using password: YES)
Tue Mar 17 17:01:06 UTC 2026 - INFO - Processing payment...
ERROR 1045 (28000): Access denied for user 'root'@'localhost' (using password: YES)
Tue Mar 17 17:01:11 UTC 2026 - INFO - Processing payment...
ERROR 1045 (28000): Access denied for user 'root'@'localhost' (using password: YES)
Tue Mar 17 17:01:16 UTC 2026 - INFO - Processing payment...
ERROR 1045 (28000): Access denied for user 'root'@'localhost' (using password: YES)
Tue Mar 17 17:01:21 UTC 2026 - INFO - Processing payment...
ERROR 1045 (28000): Access denied for user 'root'@'localhost' (using password: YES)
Tue Mar 17 17:01:26 UTC 2026 - INFO - Processing payment...
ERROR 1045 (28000): Access denied for user 'root'@'localhost' (using password: YES)
Tue Mar 17 17:01:31 UTC 2026 - INFO - Processing payment...
ERROR 1045 (28000): Access denied for user 'root'@'localhost' (using password: YES)
Tue Mar 17 17:01:36 UTC 2026 - INFO - Processing payment...
ERROR 1045 (28000): Access denied for user 'root'@'localhost' (using password: YES)
Tue Mar 17 17:01:41 UTC 2026 - INFO - Processing payment...
ERROR 1045 (28000): Access denied for user 'root'@'localhost' (using password: YES)
Tue Mar 17 17:01:46 UTC 2026 - INFO - Processing payment...
ERROR 1045 (28000): Access denied for user 'root'@'localhost' (using password: YES)
Tue Mar 17 17:01:51 UTC 2026 - INFO - Processing payment...
ERROR 1045 (28000): Access denied for user 'root'@'localhost' (using password: YES)
Tue Mar 17 17:01:56 UTC 2026 - INFO - Processing payment...
ERROR 1045 (28000): Access denied for user 'root'@'localhost' (using password: YES)
Tue Mar 17 17:02:01 UTC 2026 - INFO - Processing payment...
ERROR 1045 (28000): Access denied for user 'root'@'localhost' (using password: YES)
Tue Mar 17 17:02:06 UTC 2026 - INFO - Processing payment...
ERROR 1045 (28000): Access denied for user 'root'@'localhost' (using password: YES)
Tue Mar 17 17:02:11 UTC 2026 - INFO - Processing payment...
ERROR 1045 (28000): Access denied for user 'root'@'localhost' (using password: YES)
Tue Mar 17 17:02:16 UTC 2026 - INFO - Processing payment...
ERROR 1045 (28000): Access denied for user 'root'@'localhost' (using password: YES)
Tue Mar 17 17:02:21 UTC 2026 - INFO - Processing payment...
ERROR 1045 (28000): Access denied for user 'root'@'localhost' (using password: YES)
Tue Mar 17 17:02:26 UTC 2026 - INFO - Processing payment...
ERROR 1045 (28000): Access denied for user 'root'@'localhost' (using password: YES)
Tue Mar 17 17:02:31 UTC 2026 - INFO - Processing payment...
ERROR 1045 (28000): Access denied for user 'root'@'localhost' (using password: YES)
Tue Mar 17 17:02:36 UTC 2026 - INFO - Processing payment...
ERROR 1045 (28000): Access denied for user 'root'@'localhost' (using password: YES)
Tue Mar 17 17:02:41 UTC 2026 - INFO - Processing payment...
ERROR 1045 (28000): Access denied for user 'root'@'localhost' (using password: YES)
Tue Mar 17 17:02:46 UTC 2026 - INFO - Processing payment...
ERROR 1045 (28000): Access denied for user 'root'@'localhost' (using password: YES)
Tue Mar 17 17:02:51 UTC 2026 - INFO - Processing payment...
ERROR 1045 (28000): Access denied for user 'root'@'localhost' (using password: YES)
Tue Mar 17 17:02:56 UTC 2026 - INFO - Processing payment...
ERROR 1045 (28000): Access denied for user 'root'@'localhost' (using password: YES)
Tue Mar 17 17:03:01 UTC 2026 - INFO - Processing payment...
ERROR 1045 (28000): Access denied for user 'root'@'localhost' (using password: YES)
Tue Mar 17 17:03:06 UTC 2026 - INFO - Processing payment...
ERROR 1045 (28000): Access denied for user 'root'@'localhost' (using password: YES)
Tue Mar 17 17:03:11 UTC 2026 - INFO - Processing payment...
ERROR 1045 (28000): Access denied for user 'root'@'localhost' (using password: YES)
Tue Mar 17 17:03:16 UTC 2026 - INFO - Processing payment...
ERROR 1045 (28000): Access denied for user 'root'@'localhost' (using password: YES)
Tue Mar 17 17:03:21 UTC 2026 - INFO - Processing payment...
ERROR 1045 (28000): Access denied for user 'root'@'localhost' (using password: YES)
Tue Mar 17 17:03:26 UTC 2026 - INFO - Processing payment...
ERROR 1045 (28000): Access denied for user 'root'@'localhost' (using password: YES)
Tue Mar 17 17:03:32 UTC 2026 - INFO - Processing payment...
ERROR 1045 (28000): Access denied for user 'root'@'localhost' (using password: YES)
Tue Mar 17 17:03:37 UTC 2026 - INFO - Processing payment...
ERROR 1045 (28000): Access denied for user 'root'@'localhost' (using password: YES)
Tue Mar 17 17:03:42 UTC 2026 - INFO - Processing payment...
ERROR 1045 (28000): Access denied for user 'root'@'localhost' (using password: YES)
Tue Mar 17 17:03:47 UTC 2026 - INFO - Processing payment...
ERROR 1045 (28000): Access denied for user 'root'@'localhost' (using password: YES)
Tue Mar 17 17:03:52 UTC 2026 - INFO - Processing payment...
ERROR 1045 (28000): Access denied for user 'root'@'localhost' (using password: YES)
Tue Mar 17 17:03:57 UTC 2026 - INFO - Processing payment...
ERROR 1045 (28000): Access denied for user 'root'@'localhost' (using password: YES)
Tue Mar 17 17:04:02 UTC 2026 - INFO - Processing payment...
ERROR 1045 (28000): Access denied for user 'root'@'localhost' (using password: YES)
Tue Mar 17 17:04:07 UTC 2026 - INFO - Processing payment...
ERROR 1045 (28000): Access denied for user 'root'@'localhost' (using password: YES)
Tue Mar 17 17:04:12 UTC 2026 - INFO - Processing payment...
ERROR 1045 (28000): Access denied for user 'root'@'localhost' (using password: YES)
Tue Mar 17 17:04:17 UTC 2026 - INFO - Processing payment...
ERROR 1045 (28000): Access denied for user 'root'@'localhost' (using password: YES)
Tue Mar 17 17:04:22 UTC 2026 - INFO - Processing payment...
ERROR 1045 (28000): Access denied for user 'root'@'localhost' (using password: YES)
Tue Mar 17 17:04:27 UTC 2026 - INFO - Processing payment...
ERROR 1045 (28000): Access denied for user 'root'@'localhost' (using password: YES)
Tue Mar 17 17:04:32 UTC 2026 - INFO - Processing payment...
ERROR 1045 (28000): Access denied for user 'root'@'localhost' (using password: YES)
Tue Mar 17 17:04:37 UTC 2026 - INFO - Processing payment...
ERROR 1045 (28000): Access denied for user 'root'@'localhost' (using password: YES)
Tue Mar 17 17:04:42 UTC 2026 - INFO - Processing payment...
ERROR 1045 (28000): Access denied for user 'root'@'localhost' (using password: YES)
Tue Mar 17 17:04:47 UTC 2026 - INFO - Processing payment...
ERROR 1045 (28000): Access denied for user 'root'@'localhost' (using password: YES)
Tue Mar 17 17:04:52 UTC 2026 - INFO - Processing payment...
ERROR 1045 (28000): Access denied for user 'root'@'localhost' (using password: YES)
Tue Mar 17 17:04:57 UTC 2026 - INFO - Processing payment...
ERROR 1045 (28000): Access denied for user 'root'@'localhost' (using password: YES)
Tue Mar 17 17:05:02 UTC 2026 - INFO - Processing payment...
ERROR 1045 (28000): Access denied for user 'root'@'localhost' (using password: YES)
Tue Mar 17 17:05:07 UTC 2026 - INFO - Processing payment...
ERROR 1045 (28000): Access denied for user 'root'@'localhost' (using password: YES)
Tue Mar 17 17:05:12 UTC 2026 - INFO - Processing payment...
ERROR 1045 (28000): Access denied for user 'root'@'localhost' (using password: YES)
Tue Mar 17 17:05:17 UTC 2026 - INFO - Processing payment...
ERROR 1045 (28000): Access denied for user 'root'@'localhost' (using password: YES)
Tue Mar 17 17:05:22 UTC 2026 - INFO - Processing payment...
ERROR 1045 (28000): Access denied for user 'root'@'localhost' (using password: YES)
Tue Mar 17 17:05:27 UTC 2026 - INFO - Processing payment...
ERROR 1045 (28000): Access denied for user 'root'@'localhost' (using password: YES)
Tue Mar 17 17:05:32 UTC 2026 - INFO - Processing payment...
ERROR 1045 (28000): Access denied for user 'root'@'localhost' (using password: YES)
Tue Mar 17 17:05:37 UTC 2026 - INFO - Processing payment...
ERROR 1045 (28000): Access denied for user 'root'@'localhost' (using password: YES)
Tue Mar 17 17:05:43 UTC 2026 - INFO - Processing payment...
ERROR 1045 (28000): Access denied for user 'root'@'localhost' (using password: YES)
Tue Mar 17 17:05:48 UTC 2026 - INFO - Processing payment...
ERROR 1045 (28000): Access denied for user 'root'@'localhost' (using password: YES)
Tue Mar 17 17:05:53 UTC 2026 - INFO - Processing payment...
ERROR 1045 (28000): Access denied for user 'root'@'localhost' (using password: YES)
Tue Mar 17 17:05:58 UTC 2026 - INFO - Processing payment...
ERROR 1045 (28000): Access denied for user 'root'@'localhost' (using password: YES)
Tue Mar 17 17:06:03 UTC 2026 - INFO - Processing payment...
ERROR 1045 (28000): Access denied for user 'root'@'localhost' (using password: YES)
Tue Mar 17 17:06:08 UTC 2026 - INFO - Processing payment...
ERROR 1045 (28000): Access denied for user 'root'@'localhost' (using password: YES)
Tue Mar 17 17:06:13 UTC 2026 - INFO - Processing payment...
ERROR 1045 (28000): Access denied for user 'root'@'localhost' (using password: YES)
Tue Mar 17 17:06:18 UTC 2026 - INFO - Processing payment...
ERROR 1045 (28000): Access denied for user 'root'@'localhost' (using password: YES)
Tue Mar 17 17:06:23 UTC 2026 - INFO - Processing payment...
ERROR 1045 (28000): Access denied for user 'root'@'localhost' (using password: YES)
Tue Mar 17 17:06:28 UTC 2026 - INFO - Processing payment...
ERROR 1045 (28000): Access denied for user 'root'@'localhost' (using password: YES)
Tue Mar 17 17:06:33 UTC 2026 - INFO - Processing payment...
ERROR 1045 (28000): Access denied for user 'root'@'localhost' (using password: YES)
Tue Mar 17 17:06:38 UTC 2026 - INFO - Processing payment...
ERROR 1045 (28000): Access denied for user 'root'@'localhost' (using password: YES)
Tue Mar 17 17:06:43 UTC 2026 - INFO - Processing payment...
ERROR 1045 (28000): Access denied for user 'root'@'localhost' (using password: YES)
Tue Mar 17 17:06:48 UTC 2026 - INFO - Processing payment...
ERROR 1045 (28000): Access denied for user 'root'@'localhost' (using password: YES)
Tue Mar 17 17:06:53 UTC 2026 - INFO - Processing payment...
ERROR 1045 (28000): Access denied for user 'root'@'localhost' (using password: YES)
Tue Mar 17 17:06:58 UTC 2026 - INFO - Processing payment...
ERROR 1045 (28000): Access denied for user 'root'@'localhost' (using password: YES)
Tue Mar 17 17:07:03 UTC 2026 - INFO - Processing payment...
ERROR 1045 (28000): Access denied for user 'root'@'localhost' (using password: YES)
Tue Mar 17 17:07:08 UTC 2026 - INFO - Processing payment...
ERROR 1045 (28000): Access denied for user 'root'@'localhost' (using password: YES)
Tue Mar 17 17:07:13 UTC 2026 - INFO - Processing payment...
ERROR 1045 (28000): Access denied for user 'root'@'localhost' (using password: YES)
Tue Mar 17 17:07:18 UTC 2026 - INFO - Processing payment...
ERROR 1045 (28000): Access denied for user 'root'@'localhost' (using password: YES)
Tue Mar 17 17:07:23 UTC 2026 - INFO - Processing payment...
ERROR 1045 (28000): Access denied for user 'root'@'localhost' (using password: YES)
Tue Mar 17 17:07:28 UTC 2026 - INFO - Processing payment...
ERROR 1045 (28000): Access denied for user 'root'@'localhost' (using password: YES)
Tue Mar 17 17:07:33 UTC 2026 - INFO - Processing payment...
ERROR 1045 (28000): Access denied for user 'root'@'localhost' (using password: YES)
Tue Mar 17 17:07:38 UTC 2026 - INFO - Processing payment...
ERROR 1045 (28000): Access denied for user 'root'@'localhost' (using password: YES)
Tue Mar 17 17:07:43 UTC 2026 - INFO - Processing payment...
ERROR 1045 (28000): Access denied for user 'root'@'localhost' (using password: YES)
Tue Mar 17 17:07:48 UTC 2026 - INFO - Processing payment...
ERROR 1045 (28000): Access denied for user 'root'@'localhost' (using password: YES)
Tue Mar 17 17:07:53 UTC 2026 - INFO - Processing payment...
ERROR 1045 (28000): Access denied for user 'root'@'localhost' (using password: YES)
Tue Mar 17 17:07:58 UTC 2026 - INFO - Processing payment...
ERROR 1045 (28000): Access denied for user 'root'@'localhost' (using password: YES)
Tue Mar 17 17:08:04 UTC 2026 - INFO - Processing payment...
ERROR 1045 (28000): Access denied for user 'root'@'localhost' (using password: YES)
Tue Mar 17 17:08:09 UTC 2026 - INFO - Processing payment...
ERROR 1045 (28000): Access denied for user 'root'@'localhost' (using password: YES)
Tue Mar 17 17:08:14 UTC 2026 - INFO - Processing payment...
ERROR 1045 (28000): Access denied for user 'root'@'localhost' (using password: YES)
Tue Mar 17 17:08:19 UTC 2026 - INFO - Processing payment...
ERROR 1045 (28000): Access denied for user 'root'@'localhost' (using password: YES)
Tue Mar 17 17:08:24 UTC 2026 - INFO - Processing payment...
ERROR 1045 (28000): Access denied for user 'root'@'localhost' (using password: YES)
Tue Mar 17 17:08:29 UTC 2026 - INFO - Processing payment...
ERROR 1045 (28000): Access denied for user 'root'@'localhost' (using password: YES)
Tue Mar 17 17:08:34 UTC 2026 - INFO - Processing payment...
ERROR 1045 (28000): Access denied for user 'root'@'localhost' (using password: YES)
Tue Mar 17 17:08:39 UTC 2026 - INFO - Processing payment...
ERROR 1045 (28000): Access denied for user 'root'@'localhost' (using password: YES)
Tue Mar 17 17:08:44 UTC 2026 - INFO - Processing payment...
ERROR 1045 (28000): Access denied for user 'root'@'localhost' (using password: YES)
Tue Mar 17 17:08:49 UTC 2026 - INFO - Processing payment...
ERROR 1045 (28000): Access denied for user 'root'@'localhost' (using password: YES)
Tue Mar 17 17:08:54 UTC 2026 - INFO - Processing payment...
ERROR 1045 (28000): Access denied for user 'root'@'localhost' (using password: YES)
Tue Mar 17 17:08:59 UTC 2026 - INFO - Processing payment...
ERROR 1045 (28000): Access denied for user 'root'@'localhost' (using password: YES)
Tue Mar 17 17:09:04 UTC 2026 - INFO - Processing payment...
ERROR 1045 (28000): Access denied for user 'root'@'localhost' (using password: YES)
Tue Mar 17 17:09:09 UTC 2026 - INFO - Processing payment...
ERROR 1045 (28000): Access denied for user 'root'@'localhost' (using password: YES)
Tue Mar 17 17:09:14 UTC 2026 - INFO - Processing payment...
ERROR 1045 (28000): Access denied for user 'root'@'localhost' (using password: YES)
Tue Mar 17 17:09:19 UTC 2026 - INFO - Processing payment...
ERROR 1045 (28000): Access denied for user 'root'@'localhost' (using password: YES)
Tue Mar 17 17:09:24 UTC 2026 - INFO - Processing payment...
ERROR 1045 (28000): Access denied for user 'root'@'localhost' (using password: YES)
Tue Mar 17 17:09:29 UTC 2026 - INFO - Processing payment...
ERROR 1045 (28000): Access denied for user 'root'@'localhost' (using password: YES)
Tue Mar 17 17:09:34 UTC 2026 - INFO - Processing payment...
ERROR 1045 (28000): Access denied for user 'root'@'localhost' (using password: YES)
